,PLAYER,TEAM,AGE,GP,W,L,MIN,OFFRTG,DEFRTG,NETRTG,AST%,AST/TO,AST RATIO,OREB%,DREB%,REB%,TO RATIO,EFG%,TS%,USG%,PACE,PIE,POSS
1,Anthony Edwards,MIN,19,72,23,49,32.1,110.6,115.6,-5,14.2,1.32,12.4,2.3,12.1,7,9.4,48.8,52.3,26.4,102.71,9.4,4961
1,Bojan Bogdanovic,UTA,32,72,52,20,30.8,116.8,107.3,9.5,9.1,1.06,10.4,1.8,9.9,6,9.8,53.6,58.8,22.5,99.94,9.4,4604
1,Duncan Robinson,MIA,27,72,40,32,31.4,110.6,108.3,2.3,8.2,1.57,13.4,0.3,10.9,5.7,8.5,61.4,62.8,16.2,97.55,7.5,4602
1,Dwayne Bacon,ORL,25,72,21,51,25.7,101.3,112.8,-11.4,8,2.02,9.9,1.5,10.2,5.6,4.9,44.3,49,19.3,100.39,6.9,3875
1,Enes Freedom,POR,29,72,42,30,24.4,119.7,114.8,4.9,6.9,1.08,10.6,14.8,28.1,21.3,9.8,60.5,63.6,16.9,98.79,14.1,3607
1,Georges Niang,UTA,28,72,52,20,16,114.9,100.3,14.6,7.1,1.16,11.2,2.4,11.7,7.2,9.7,59,60.2,16.9,101.74,7.6,2445
1,Ivica Zubac,LAC,24,72,47,25,22.3,114.3,109.3,5,7.9,1.11,13.9,12.1,20,16.2,12.5,65.4,69.3,14.7,98.99,11.7,3324
1,Justin Holiday,IND,32,72,34,38,30.3,110.5,111.2,-0.6,7,2.2,14.3,1.4,9.8,5.7,6.5,55.1,57.1,13.8,103.14,6.5,4684
1,Mikal Bridges,PHX,24,72,51,21,32.6,117.5,110,7.4,8.5,2.67,16.3,3.5,9.9,6.8,6.1,64.3,66.7,14.7,98.32,9.9,4800
1,Nikola Jokic,DEN,26,72,47,25,34.6,120.2,112.6,7.7,37.7,2.7,26.2,8.7,23.7,16.3,9.7,60.2,64.7,29.3,98.15,20.1,5084
1,RJ Barrett,NYK,21,72,41,31,34.9,110,107.2,2.7,13.4,1.56,14.1,2.7,13,7.9,9,49.9,53.5,22.8,97.54,9.5,5101
12,Andrew Wiggins,GSW,26,71,38,33,33.3,108.9,109.1,-0.2,11,1.33,11.5,3.4,10.6,7.1,8.7,54.3,56.8,22.9,103.17,9.9,5085
12,Buddy Hield,SAC,28,71,31,40,34.3,114.5,116.3,-1.8,14.1,1.98,18.2,1.2,12.6,6.9,9.2,54.8,56.7,20.1,101.26,8.4,5149
12,Eric Bledsoe,NOP,31,71,31,40,29.7,113,114.8,-1.8,17,2.35,22.4,1.3,10,5.7,9.5,50.3,53.3,18.1,101.67,7.7,4479
12,Julius Randle,NYK,26,71,40,31,37.6,109.8,106.8,3,26.9,1.77,19.7,3.1,22.7,13.1,11.1,51.6,56.7,28.5,97.22,15.8,5398
12,Patrick Williams,CHI,19,71,30,41,27.9,106.3,113.5,-7.1,6.8,1.01,12.7,3.3,13.1,8.2,12.6,53.4,56.2,14.6,100.41,7.1,4151
12,Robin Lopez,WAS,33,71,34,37,19.1,107.9,109,-1.1,6,0.73,9,9.7,9.2,9.5,12.2,63.9,66.1,16.9,103.69,10.2,2933
12,Royce O'Neale,UTA,28,71,51,20,31.6,117.7,107.3,10.4,10.3,2.18,26.6,3.9,16.2,10.4,12.2,58,59.9,9.5,99.48,7.4,4639
12,Rudy Gobert,UTA,29,71,52,19,30.8,116.8,100.9,15.9,5.9,0.75,9.4,11,28.8,20.5,12.4,67.5,68.3,16.6,101.32,16.5,4613
12,Solomon Hill,ATL,30,71,41,30,21.3,111.6,110.6,1,6.5,1.79,17.2,2.8,11.1,7,9.7,47.3,49.8,10.2,99.93,4.5,3148
21,Brook Lopez,MIL,33,70,46,24,27.2,117,110.2,6.8,3.3,0.78,6.1,5.4,11.5,8.6,7.9,57.7,61.1,16.6,103.68,8.5,4123
21,Bryn Forbes,MIL,27,70,45,25,19.3,113.4,110.8,2.7,4.5,1.02,7.1,0.8,6.9,3.9,6.9,61.8,63.1,18,104.16,7.6,2949
21,Chris Paul,PHX,36,70,49,21,31.4,115.3,108.8,6.5,40.5,3.99,35.9,1.2,13.1,7.3,9,55.7,59.9,22.1,98.92,15,4539
21,Jae'Sean Tate,HOU,25,70,17,53,29.2,108,111.8,-3.8,12.7,1.82,18.4,6,11.8,8.8,10.1,55.4,57.6,16.1,102.71,8.3,4360
21,Kelly Olynyk,HOU,30,70,26,44,28.5,110.7,113.2,-2.5,15.1,1.61,18.5,4.3,19.6,12,11.5,57.4,61,19,101.02,11.2,4205
21,Naz Reid,MIN,21,70,22,48,19.2,102.7,112.4,-9.7,8.8,1.04,9.1,5.4,17.3,11.1,8.7,57.6,59.9,21.8,104.06,11.3,2915
21,Nikola Vucevic,CHI,30,70,26,44,33.5,106.6,113.6,-7,20.7,2.13,14.5,5.9,28.9,17,6.8,54,56,29.2,99.15,16.8,4849
21,Robert Covington,POR,30,70,42,28,32,118.6,113.8,4.8,6.6,1.83,16.3,2.6,18.3,10.2,8.9,53.3,55.3,11.4,99.68,7.2,4649
21,Saddiq Bey,DET,22,70,19,51,27.3,105.6,111.2,-5.6,7.7,1.58,10.5,2.2,14.5,8.2,6.6,53,56.7,18.2,99.47,9.2,3960
21,Tim Hardaway Jr.,DAL,29,70,42,28,28.4,114.3,112.3,2.1,9.8,1.97,10.7,1,10.1,5.6,5.5,56,58.9,23,98.62,10.2,4073
21,Tyus Jones,MEM,25,70,36,34,17.5,104.9,107.8,-2.8,30.5,5.4,35,1.6,9.3,5.4,6.5,48.5,51.1,16.5,101.08,11.3,2569
32,Carmelo Anthony,POR,37,69,39,30,24.5,115.1,115.8,-0.6,9.7,1.7,10.3,1.7,10.7,6,6,50.6,54.7,22.8,99.23,8.8,3493
32,Coby White,CHI,21,69,30,39,31.2,108.6,111.3,-2.7,21.8,2.1,22.7,1.3,11.6,6.5,10.8,50.6,54,21.9,101.62,8.8,4572
32,Danny Green,PHI,34,69,46,23,28,114.5,107.4,7.1,8,1.76,15.8,2.9,10,6.6,9,57.3,58.2,13.8,101.26,7.3,4090
32,Deandre Ayton,PHX,22,69,48,21,30.6,117.1,110.8,6.3,6.6,0.96,10.3,11.7,23.6,17.9,10.7,62.9,65.3,17.9,98.05,13,4320
32,Dwight Howard,PHI,35,69,46,23,17.3,103.9,106.3,-2.4,7.6,0.54,10.7,14.8,30.9,22.8,19.7,59.6,61,17.3,101.16,13,2517
32,Jakob Poeltl,SAS,25,69,32,37,26.7,112.2,109,3.2,9.6,1.61,19.3,11.4,17.3,14.3,11.9,61.6,61.2,13,99.84,10,3831
32,Joe Harris,BKN,29,69,45,24,31,117.4,110.6,6.9,8.1,2.1,14.1,2.1,9,5.7,6.7,65.4,66.3,15.7,102.03,8.5,4569
32,Keldon Johnson,SAS,21,69,32,37,28.5,110,113.8,-3.8,8.7,1.55,12.3,4.5,16.3,10.3,7.9,52.2,55.7,18.9,100.04,9.1,4093
32,Kevin Huerter,ATL,22,69,40,29,30.8,113.2,111.6,1.7,16.1,3.05,22.4,1.7,9,5.3,7.3,52.8,54.1,16.7,99.5,7.7,4406
32,Kyle Anderson,MEM,27,69,36,33,27.4,110.3,108.7,1.6,18.2,2.91,23.2,2.6,17.3,9.9,8,54,57.8,18.1,102.34,12.1,4018
32,Montrezl Harrell,LAL,27,69,41,28,22.9,107.3,105.9,1.4,7.8,0.99,8.5,10,16.7,13.4,8.6,62.2,65,21.1,99.78,15.2,3283
32,Norman Powell,POR,28,69,32,37,32,114.3,112.5,1.8,8.9,1.08,10.1,1.8,7.9,4.8,9.3,57,61.8,22.1,101.07,9.6,4642
32,Pat Connaughton,MIL,28,69,44,25,22.8,114.3,107.3,6.9,6.4,2.45,15.6,3.9,15.2,9.8,6.4,56.5,57.8,11.3,104.8,7.9,3431
32,T.J. McConnell,IND,29,69,33,36,26,112.5,110,2.5,33.7,3.38,41.4,3,10.6,6.8,12.3,57.4,58.3,14.9,103.73,11.9,3869
32,Terry Rozier,CHA,27,69,32,37,34.5,110.9,112.9,-2,19.3,2.29,18,1.9,10.5,6.1,7.9,54.8,57.5,23.8,99.64,11.3,4953
47,Derrick Favors,UTA,29,68,49,19,15.3,114.1,111.6,2.6,5.9,1.22,12.3,13,22.7,17.8,10.1,63.8,66.3,12.5,101.18,11.1,2182
47,Desmond Bane,MEM,23,68,36,32,22.3,110.1,109.7,0.4,10.5,2,17.1,1.9,11.6,6.6,8.5,58.6,60,15.5,101.71,8,3218
47,Isaiah Stewart,DET,20,68,20,48,21.4,105.5,107.4,-2,6.4,0.88,10.3,10.5,19.3,14.9,11.7,57.8,59.7,15,99.66,10.8,3020
47,Jalen Brunson,DAL,24,68,40,28,25,113.7,108.7,4.9,21.5,2.99,23.7,1.6,11.7,6.7,7.9,58.8,61.8,19.6,98.84,12.3,3490
47,Jeff Green,BKN,34,68,44,24,27,116.1,112.8,3.3,8,2,14.1,1.9,11.6,7,7.1,59,62.4,15.4,101.65,8.3,3880
47,Jordan Clarkson,UTA,29,68,49,19,26.7,115.8,108,7.8,14.9,1.46,11.9,2.5,11.7,7.2,8.2,52.2,54.9,28.6,100.87,11.5,3821
47,Khris Middleton,MIL,29,68,45,23,33.4,116.7,110.5,6.2,22.7,2.08,21.6,2.3,14.3,8.5,10.4,54.6,58.8,24.5,103.55,12.3,4887
47,Kyle Kuzma,LAL,25,68,40,28,28.7,104.8,105.4,-0.6,10,1.12,12.2,5.4,15.7,10.5,10.9,53.3,54.6,19.8,99.72,9.7,4070
47,Patty Mills,SAS,32,68,31,37,24.8,107.8,106.4,1.4,14.2,2.45,18.7,1,5.3,3.2,7.6,54.4,57,17.7,101.97,7.9,3568
47,Ricky Rubio,MIN,30,68,23,45,26.1,109.3,114.3,-5,33,3.9,39.2,1.4,11,6,10,45.4,51.6,15.5,103.33,9.8,3816
47,Thaddeus Young,CHI,33,68,30,38,24.3,114.2,110.1,4.1,25.3,2.12,25.7,10.5,15.4,13,12.1,56.8,57.8,21.6,100.03,12.8,3445
58,Damian Lillard,POR,30,67,39,28,35.8,119.6,115.6,4,33.4,2.49,22.5,1.2,10.4,5.7,9,55.4,62.3,30.6,100.4,15.8,5014
58,Dejounte Murray,SAS,24,67,32,35,31.9,111.8,109.5,2.3,24.6,3.1,24,2.6,19,10.8,7.7,48.5,50.9,23.1,100.02,12.4,4452
58,Devin Booker,PHX,24,67,48,19,33.9,118.6,111.4,7.2,20,1.4,14.9,1.6,10.8,6.4,10.6,53.3,58.7,31.9,98.5,12.5,4656
58,Dillon Brooks,MEM,25,67,36,31,29.8,113.9,109.4,4.5,11.2,1.32,11.3,2.6,6.9,4.7,8.6,48.1,51.5,25.6,102.16,6.6,4233
58,Isaac Okoro,CLE,20,67,20,47,32.4,104.6,113.4,-8.7,8.6,1.49,15.2,3.1,6.6,4.8,10.2,47.6,51.4,14.2,98.07,4.4,4431
58,Joe Ingles,UTA,33,67,47,20,27.9,116.7,104.9,11.8,23.8,2.72,30.7,1.4,10.8,6.3,11.3,65.2,67.2,16.2,101.08,11.2,3926
58,Kent Bazemore,GSW,31,67,35,32,19.9,110.5,104.6,5.9,10.8,1.32,17.5,1.9,14,8.1,13.3,54.5,56.4,15.9,103.77,7.5,2881
58,Kentavious Caldwell-Pope,LAL,28,67,39,28,28.4,110.5,107.3,3.3,9.1,1.92,17.2,1.5,8.1,4.8,8.9,54.9,58.8,13.9,99.5,7,3947
58,Khem Birch,TOR,28,67,23,44,22.8,106.1,109.7,-3.6,8.5,2.02,15.6,10.1,13.8,11.9,7.7,51.4,55.2,13.3,99.71,8.9,3171
58,Nicolas Batum,LAC,32,67,44,23,27.4,117.1,108.2,8.9,10.5,2.79,23.3,2.9,14.3,8.8,8.3,59.7,61.7,11.6,98.52,8.8,3768
58,Reggie Jackson,LAC,31,67,43,24,23,116.7,109.3,7.4,18.5,2.77,22.8,1.6,10.7,6.3,8.2,55.4,57.6,19.5,99.08,9.1,3192
58,Terance Mann,LAC,24,67,45,22,18.9,112.4,109.7,2.7,11.4,2.6,19.4,4.4,14,9.3,7.5,56.3,60.3,14.4,99.93,9.1,2612
70,Aaron Holiday,IND,24,66,30,36,17.8,110.1,110.3,-0.2,13.9,1.86,18.5,1.2,6,3.6,9.9,46.7,50.3,18.9,104.34,5.7,2560
70,Bismack Biyombo,CHA,28,66,28,38,20.4,102.8,111.7,-8.9,8.7,1.14,18.5,9.4,15,12.1,16.2,58.7,57.4,11.3,99.47,6.8,2782
70,Bobby Portis,MIL,26,66,44,22,20.8,113.4,108.3,5.1,7.5,1.27,9.4,8.5,22.9,15.8,7.4,58.5,59.8,20.2,104.72,13.3,2986
70,Donte DiVincenzo,MIL,24,66,44,22,27.5,117.3,109.1,8.1,13.7,2.23,21.9,4.3,15.5,10,9.8,52.8,54.2,16.3,104.77,8.7,3953
70,Doug McDermott,IND,29,66,32,34,24.5,110.5,112.3,-1.8,7.5,1.6,10.1,3.6,9.6,6.6,6.3,61.6,63.5,19.4,103.7,9.6,3505
70,Kenrich Williams,OKC,26,66,21,45,21.6,104.8,111.1,-6.3,15.3,2,22.8,5.6,12.9,9.2,11.4,59.6,59.9,14.8,103.22,9,3073
70,Lou Williams,ATL,34,66,44,22,21.6,112.3,110.6,1.8,23.3,2.08,21.4,1.5,8,4.8,10.3,46.4,51.9,24.4,101.69,9.6,3025
70,Luka Doncic,DAL,22,66,40,26,34.3,116.6,112.7,3.9,42.5,2.02,23.6,2.4,20.2,11.5,11.7,55,58.7,35,99.4,17.9,4676
70,Miles Bridges,CHA,23,66,31,35,29.3,110.4,110.1,0.3,11.3,1.39,15.9,4.1,15.8,10,11.5,59.6,62.5,17,100.77,10.3,4047
70,Payton Pritchard,BOS,23,66,33,33,19.2,111.2,110.6,0.6,13.6,2.26,19.6,2.5,9.9,6.1,8.7,56.2,58.2,16.2,99.38,8.2,2636
70,Svi Mykhailiuk,OKC,24,66,13,53,20.1,103.8,112,-8.2,12.7,1.25,15.2,1.7,10.4,5.9,12.2,51.5,52.9,19,102.27,7.7,2823
81,Bruce Brown,BKN,24,65,45,20,22.3,115.9,112.4,3.5,9.9,1.93,16.4,8.1,15.4,12,8.5,57.6,60.4,15.7,100.24,9.8,3016
81,Daniel Theis,CHI,29,65,28,37,24.6,109.4,110.8,-1.3,9.7,1.64,15.7,5.7,16.4,11,9.6,59.3,60.9,15.4,99.75,9.5,3333
81,Facundo Campazzo,DEN,30,65,43,22,21.9,111.6,108.8,2.8,21.5,3.18,35.3,1.5,8.1,4.7,11.1,50.2,55.8,12.8,99.09,7.4,2940
81,Matisse Thybulle,PHI,24,65,46,19,20,109.3,104.7,4.6,6.4,1.97,18.3,2.3,7,4.7,9.3,50.8,50.8,9,101.86,5.3,2741
81,Reggie Bullock Jr.,NYK,30,65,38,27,30,109.7,107.2,2.5,7.2,2.2,13.8,0.8,10.2,5.6,6.3,58.7,60.6,14,97.29,7.4,3955
81,Russell Westbrook,WAS,32,65,30,35,36.4,109.2,110.4,-1.2,47.7,2.45,30.6,4.3,24.9,14.7,12.5,47.4,50.9,29.5,107.18,16.4,5279
81,Talen Horton-Tucker,LAL,20,65,39,26,20.1,105.8,104.7,1,20.9,1.72,21.9,1.9,10.4,6.3,12.7,49.6,53.6,21,100.77,9.4,2731
81,Theo Maledon,OKC,20,65,20,45,27.3,97.2,113.6,-16.5,19.7,1.61,21.8,1.2,10.1,5.5,13.6,45.4,48.9,18.8,103.27,6.3,3829
89,Alex Len,WAS,28,64,30,34,15.3,106.9,111,-4,6.9,0.89,11.3,7.7,17.4,12.6,12.6,62.9,64.3,16.1,106.79,9.7,2173
89,Anfernee Simons,POR,22,64,37,27,17.3,115.2,114.4,0.8,11.7,2.07,15.9,1.2,10.9,5.9,7.7,56.9,58.9,18,98.83,7.9,2284
89,Bam Adebayo,MIA,23,64,34,30,33.5,110.2,109.6,0.6,26.7,2.05,23.6,7,20.4,13.9,11.5,57.1,62.6,23.3,97.71,16.1,4361
89,Garrison Mathews,WAS,24,64,32,32,16.2,107.7,113.4,-5.6,3.2,2.6,8.4,1.5,6.5,4,3.2,57,63.5,11.1,106.43,5.2,2299
89,Immanuel Quickley,NYK,22,64,37,27,19.4,111.6,104.5,7.1,16.4,2.19,15.3,2,8.6,5.4,7,49.7,55.7,24.6,97.18,10.3,2519
89,Jarred Vanderbilt,MIN,22,64,18,46,17.8,108.1,109.2,-1.1,9.1,1.43,18.6,9.6,21.1,15.3,13,60.8,61.2,11.8,103.75,10.7,2451
89,Jayson Tatum,BOS,23,64,34,30,35.8,114.8,111.8,3,19.6,1.61,14.5,2.1,18.8,10.2,9,53,57.6,29.8,99.74,15.2,4767
89,Nerlens Noel,NYK,27,64,35,29,24.2,109.2,108.5,0.7,4.1,0.71,12.6,9.4,16.4,13,17.8,61.4,63.8,9.2,96.74,8.2,3106
89,P.J. Washington,CHA,22,64,31,33,30.5,110.4,109.8,0.6,12,1.26,15.5,4.5,16.3,10.3,12.3,52.2,54.9,19.1,100.16,8.9,4081
89,Raul Neto,WAS,29,64,30,34,21.9,109.3,110.3,-1,14.1,2.75,21.3,1.9,8.7,5.3,7.7,53.9,57.5,15.5,106.03,8.6,3104
99,Andre Iguodala,MIA,37,63,37,26,21.3,105.6,108.1,-2.5,15.3,2.12,30,3,13.4,8.3,14.1,50.4,51.9,10.9,97.82,7.2,2722
99,Clint Capela,ATL,27,63,34,29,30.1,114.8,108.2,6.6,3.9,0.67,5.3,15.5,30.1,23,8,59.4,60.1,19.3,99.41,15.8,3927
99,Cory Joseph,DET,29,63,25,38,23,109.8,115.3,-5.5,20.4,2.7,28.2,2.4,8.5,5.5,10.4,52.2,55.6,15.9,100.79,7.9,3024
99,Dean Wade,CLE,24,63,19,44,19.2,102.9,111.9,-9,9.4,2.47,17.2,3.1,15.4,9,7,55.6,57.3,12.8,99.06,8.2,2503
99,Delon Wright,SAC,29,63,21,42,27.7,108.3,111.8,-3.5,23.7,3.35,29.7,3.6,12.2,7.7,8.9,52.5,56.2,16.3,98.91,11.5,3610
99,Draymond Green,GSW,31,63,35,28,31.5,114.8,109.3,5.4,34.5,2.97,48,2.8,18.4,11,16.2,49.2,53,12.8,104.21,10.7,4305
99,Elfrid Payton,NYK,27,63,36,27,23.6,107.8,110.8,-3,20.9,1.97,20.9,4.1,9.8,6.9,10.6,45.5,47.8,22.4,97.3,7.9,3006
99,Grant Williams,BOS,22,63,30,33,18.1,107.4,109.3,-1.9,7.9,1.14,16.4,4,11.3,7.6,14.4,53.4,54.6,12,101.01,4,2393
99,Ja Morant,MEM,21,63,33,30,32.6,114.7,112.1,2.6,32.1,2.29,25.9,2.7,9.1,5.9,11.3,48.7,53.7,26.7,102.16,11.3,4366
99,Jaden McDaniels,MIN,20,63,18,45,24,109.6,113.1,-3.4,6.4,1.51,14.1,3.2,11.8,7.3,9.3,54.5,55.2,11.8,103.13,5,3250
99,Jarrett Allen,CLE,23,63,20,43,29.6,108.3,113.9,-5.6,8.7,1.06,12.9,10.6,23.2,17,12.2,62.4,66.1,16.3,98.96,13.8,3847
99,John Collins,ATL,23,63,34,29,29.3,116,111.7,4.3,6.5,0.93,7.7,6.4,18.3,12.5,8.2,61,64.5,21.4,99.99,12.5,3858
99,Luke Kennard,LAC,25,63,44,19,19.6,114,114.4,-0.4,12,2.17,18,1.3,11.8,6.6,8.3,59.7,60.8,16.6,99,8.4,2535
99,Rudy Gay,SAS,34,63,29,34,21.6,108.4,103.9,4.5,10,1.35,10.7,2.8,17.6,10.2,7.9,50.5,53.2,23,101.26,10.8,2865
99,Shake Milton,PHI,24,63,46,17,23.2,109.3,105,4.3,21,1.87,18.6,2.2,7.6,4.9,9.9,50.3,54.9,23.9,101.45,10.1,3087
99,Stephen Curry,GSW,33,63,37,26,34.2,114.2,109.6,4.6,28.3,1.7,17.4,1.3,13.5,7.7,10.2,60.5,65.5,33.1,105.16,18.1,4725
99,Trae Young,ATL,22,63,36,27,33.7,118.2,113,5.2,42.6,2.28,26.9,1.8,9.4,5.7,11.8,49.9,58.9,32,100.5,15,4464
116,Denzel Valentine,CHI,27,62,26,36,16.7,107.7,106.7,1,14.4,2.5,18.4,2.2,16.8,9.4,7.4,46.9,47.9,19,100.05,8.5,2170
116,Devin Vassell,SAS,20,62,30,32,17,106.5,108.9,-2.4,7.1,2.55,14,2.1,13.8,7.9,5.5,49.2,52.4,13.8,102.37,7.1,2247
116,Domantas Sabonis,IND,25,62,29,33,36,109.6,111.5,-1.9,28.3,1.95,24.9,6.6,25.9,16.2,12.8,56.4,60.1,23.9,102.1,15.4,4746
116,Jonas Valanciunas,MEM,29,62,32,30,28.3,112.8,108.9,3.8,9.7,1.12,10.7,13.4,28.9,21,9.6,60.6,63.6,21.7,101.97,16.3,3725
116,Josh Jackson,DET,24,62,16,46,25.2,104.9,108.3,-3.4,15,1.01,13.2,3.5,12.3,7.9,13.1,47.3,51.6,25.4,100.67,8,3267
116,Obi Toppin,NYK,23,62,36,26,11,109.1,106.5,2.7,6.5,1.26,10.7,3.7,15.5,9.7,8.5,56,57.4,15.7,97.43,9.3,1381
116,Tobias Harris,PHI,28,62,44,18,32.5,113.3,106.1,7.2,17.5,2.06,16.5,3.2,17,10.4,8,55.6,59.7,23.7,100.42,14.5,4223
116,Trey Burke,DAL,28,62,35,27,14.7,111.5,110.2,1.3,12.9,2.45,16.5,1.1,4.7,2.9,6.7,51,54.4,19.3,99.91,7.6,1893
124,Brad Wanamaker,CHA,31,61,29,32,17.3,101.4,107.1,-5.7,25.1,2.45,29.8,1.6,8,4.7,12.2,41.1,48.9,16.6,100.41,7.5,2201
124,Brandon Ingram,NOP,23,61,29,32,34.3,115.1,114.2,1,21.8,1.92,17.6,1.6,12.6,7.1,9.2,53.1,58.4,27.9,99.97,12.8,4358
124,DeMar DeRozan,SAS,31,61,27,34,33.7,113,115.5,-2.5,30.9,3.55,25.7,1.9,10.6,6.2,7.2,50.5,59.1,25.5,100.09,13.9,4289
124,Dennis Schroder,LAL,27,61,38,23,32.1,110.8,108.6,2.2,26.2,2.15,25.4,1.6,9.3,5.5,11.8,48.4,54.3,22.7,99.67,9.7,4059
124,Giannis Antetokounmpo,MIL,26,61,40,21,33,117.1,107.3,9.8,28.2,1.72,18.7,4.8,26.4,16,10.8,60,63.3,32,104.17,19.6,4359
124,Isaiah Roby,OKC,23,61,19,42,23.4,99.5,113.6,-14.1,11.8,0.95,15.3,5.7,16.9,11.2,16.1,52,55.5,17.1,102.9,8.4,3052
124,Kevon Looney,GSW,25,61,34,27,19,112.1,106.1,6,13.2,3.22,31.7,9.8,16.5,13.2,9.9,55.8,57.5,9.2,102.37,8,2467
124,Landry Shamet,BKN,24,61,39,22,23,113.6,112.4,1.1,9.7,2.06,15.6,0.8,6.7,4,7.5,54.9,57.8,16.4,101.34,6.3,2972
124,Markieff Morris,LAL,31,61,32,29,19.7,107.1,106.3,0.8,8.8,1.35,13.9,4,17.6,10.9,10.3,49.1,50.9,16,100.47,7.6,2512
124,Michael Porter Jr.,DEN,23,61,40,21,31.3,120.2,111.9,8.3,5.2,0.91,6.9,5.1,18.9,12.1,7.6,64.6,66.3,21.4,98.1,12.5,3924
124,Precious Achiuwa,MIA,21,61,31,30,12.1,102,109.2,-7.2,6.4,0.67,8.3,9.7,17.4,13.6,12.3,54.4,55,18.4,101.39,8.6,1555
124,Richaun Holmes,SAC,27,61,29,32,29.2,114.9,114.6,0.3,8.2,1.35,12.3,8.1,19.6,14,9.1,63.8,66.9,17.3,100.46,12.2,3728
124,Stanley Johnson,TOR,25,61,25,36,16.5,105.3,111.7,-6.4,12.7,1.65,22.3,2.7,12.8,7.5,13.5,47.9,51.9,13,101.77,5.6,2122
124,Terence Davis,SAC,24,61,26,35,17.6,107.3,110.1,-2.8,12.2,1.32,13.3,1.8,12.5,7,10.1,53.5,55.5,21.3,102.23,8.7,2286
124,Tyrese Maxey,PHI,20,61,41,20,15.3,106.4,108,-1.6,20.7,2.93,19.4,1.1,9.8,5.4,6.6,49.8,53.1,22.2,101.2,10.6,1963
124,Zion Williamson,NOP,20,61,29,32,33.2,113.9,111.7,2.1,18.8,1.35,13.7,8.1,13.1,10.6,10.1,61.6,64.9,28.7,103.3,16.1,4358
140,Bradley Beal,WAS,28,60,32,28,35.8,114.4,114.8,-0.4,20.2,1.42,13.2,3.3,9.4,6.4,9.3,53.2,59.3,33.1,105.21,14.5,4713
140,Cameron Johnson,PHX,25,60,43,17,24,112.2,106.5,5.7,8.3,2.15,13.6,2.3,11.8,7,6.3,54.1,56.3,16.4,98.76,8.1,2958
140,Cameron Payne,PHX,26,60,42,18,18,116.4,108.6,7.8,28.1,3.62,31.1,1.6,11.9,6.9,8.6,57.6,60.2,19.3,99.23,11.7,2233
140,Chris Boucher,TOR,28,60,25,35,24.2,114.4,110.7,3.8,6.8,1.37,8.4,7.8,19.2,13.5,6.1,59.5,63.4,20.2,100.04,13.2,3020
140,Collin Sexton,CLE,22,60,18,42,35.3,104.8,114,-9.2,22.2,1.57,15.5,2.7,6.3,4.4,9.9,51.9,57.3,28.6,99.26,11.5,4386
140,Dorian Finney-Smith,DAL,28,60,36,24,32,117.2,112.1,5.1,7,2.13,16.1,5.2,11.6,8.4,7.6,60,60.9,12,98.37,7.4,3935
140,Jae Crowder,PHX,30,60,42,18,27.5,114.3,107.9,6.3,10.2,2.31,18.1,2,14.6,8.5,7.8,55.5,57.4,15.2,100,8.1,3434
140,Jaxson Hayes,NOP,21,60,24,36,16.1,104.6,105.5,-0.9,5.7,0.9,8.6,8.7,16.1,12.4,9.6,63.6,67.5,15.6,103.55,12.3,2078
140,Jevon Carter,PHX,25,60,42,18,11.9,110.9,107.6,3.3,13.6,4.44,22.8,2.2,10.7,6.3,5.1,54.7,54.8,14.6,99.79,7.5,1482
140,Lonnie Walker IV,SAS,22,60,28,32,25.4,109.4,115.7,-6.3,9.5,1.55,12.6,0.9,9.3,5,8.1,50.2,52.3,19.9,100.05,6.3,3168
140,Mychal Mulder,GSW,27,60,33,27,12.8,111.3,108.4,2.9,4.7,1.63,8.2,1,6.2,3.7,5,60.9,61.3,15.7,105.81,6.2,1695
151,Brandon Clarke,MEM,24,59,32,27,24,109.5,109.3,0.2,9.4,2.88,14.3,6.4,16,11.1,5,53.7,56,16.7,101.99,11,2996
151,Cedi Osman,CLE,26,59,17,42,25.6,103.3,114.2,-11,17.3,2.17,19.8,2.4,11.3,6.7,9.1,45.8,48.8,19.8,99,7.3,3124
151,Josh Okogie,MIN,22,59,21,38,20.3,107.7,114.3,-6.6,7.2,1.47,15.5,4.8,7.9,6.3,10.6,45.9,52.4,11.9,102.94,4.5,2556
151,Josh Richardson,DAL,27,59,35,24,30.3,113.5,113.7,-0.2,12.3,1.94,17.1,2.8,7.9,5.4,8.8,49.8,53.7,18.1,98.27,7.3,3647
151,Jrue Holiday,MIL,31,59,41,18,32.3,117.9,108.8,9.2,25.3,2.81,26.2,3.7,9.3,6.6,9.3,57,59.2,21.7,103.99,12.4,4131
151,Xavier Tillman,MEM,22,59,31,28,18.4,109.5,106.6,2.9,9.6,1.67,17.1,6.5,16.3,11.3,10.3,59.5,60.5,14.2,101.41,9.5,2276
157,Alex Caruso,LAL,27,58,32,26,21,107.2,101.7,5.5,19,2.11,27.9,2.5,11.4,6.9,13.2,52.6,54.7,14.4,100.29,8.4,2532
157,Ben Simmons,PHI,24,58,42,16,32.4,113.9,106,8,30.8,2.32,31.2,5.1,16.6,11.1,13.5,56,58.4,20,101.44,12.8,3973
157,De'Aaron Fox,SAC,23,58,24,34,35.1,113.5,118,-4.5,32.6,2.4,22.2,1.6,8.5,5,9.3,52.3,56.5,30.4,101.86,12.4,4320
157,Derrick Jones Jr.,POR,24,58,32,26,22.7,113.3,114,-0.8,4.9,1.47,11.1,5.5,9.4,7.4,7.6,55.4,57.6,12.2,99.5,5.8,2713
157,Dwight Powell,DAL,29,58,36,22,16.6,112.8,108.8,4,9,1.58,17.8,8.6,15.8,12.3,11.3,63.1,68.8,12.9,99.87,9.9,2007
157,Gary Trent Jr.,TOR,22,58,29,29,31.1,113.9,115.7,-1.8,6.7,1.86,8.4,1.4,6.9,4,4.5,51.3,53.4,20.4,99.82,7.1,3752
157,Harrison Barnes,SAC,29,58,25,33,36.2,114.4,116.2,-1.8,12.8,2.16,19.4,3.1,15.2,9.2,9,57.5,62.6,16.9,101.16,10.7,4440
157,JaMychal Green,DEN,31,58,38,20,19.3,111.8,107.6,4.1,7,1,10.5,7.2,17.7,12.2,10.5,56.8,59,17.2,97.77,8.8,2283
157,Jaylen Brown,BOS,24,58,30,28,34.5,113.5,111.8,1.8,16.2,1.23,12.4,3.5,13.6,8.5,10.1,55.8,58.6,29,100.17,12.9,4169
157,Steven Adams,NOP,27,58,26,32,27.7,114.9,115,-0.1,8.8,1.42,19.8,13.2,18.7,16,13.9,61.4,59.6,11.8,99.08,9,3320
157,Timothe Luwawu-Cabarrot,BKN,26,58,38,20,18.1,112.5,112.9,-0.4,8.8,1.6,14.2,2.6,9.2,5.9,8.8,47.1,49.3,16.5,103.06,4.7,2247
157,Tomas Satoransky,CHI,29,58,25,33,22.5,109.4,110.1,-0.8,27.8,2.82,37.3,2.4,8.7,5.5,13.2,57.8,61.4,15,99.25,9.6,2711
157,Tyrese Haliburton,SAC,21,58,25,33,30.1,110.8,116.4,-5.6,24.7,3.36,29.7,2.2,7.6,4.9,8.8,56.9,58.5,17.5,102.31,10.4,3733
157,Wesley Matthews,LAL,34,58,33,25,19.5,106.9,105,1.9,6.5,2.08,15.7,1.8,6.4,4.1,7.5,48.4,51.7,11.1,99.34,4.4,2335
157,Zach LaVine,CHI,26,58,26,32,35.1,112.4,113.1,-0.8,22.5,1.39,16.3,1.8,12.1,7.1,11.7,59.6,63.4,30.2,101.34,14,4304
172,D.J. Augustin,HOU,33,57,28,29,19.8,112.7,114.5,-1.8,22.3,2.89,29.7,1.7,6.3,4,10.3,51.5,57,16.4,101.99,7.9,2401
172,Damion Lee,GSW,28,57,28,29,18.9,109.7,108.2,1.6,9.4,2.43,18.5,2,14.2,8.1,7.6,60.8,63.6,12.7,103.21,8.8,2322
172,Davis Bertans,WAS,28,57,29,28,25.7,112.8,110.8,2.1,4.3,1.48,8.2,1.1,9.5,5.3,5.5,58.1,62,14.8,106.56,6.9,3269
172,DeAndre Jordan,BKN,32,57,37,20,21.9,113,114.8,-1.9,9.9,1.09,19.9,9.7,23.1,16.8,18.2,76.3,73.6,12.8,101.05,11.2,2626
172,Marcus Morris Sr.,LAC,31,57,38,19,26.3,117.4,113.1,4.2,5.6,1.02,7.9,2.5,13.3,8,7.8,59.2,61.4,19.4,98.69,9.1,3089
172,Rui Hachimura,WAS,23,57,29,28,31.5,109.5,112.4,-2.8,6.2,1.21,9.4,2.6,13.9,8.3,7.8,51.3,54.9,18,105.48,8.2,3950
172,Seth Curry,PHI,30,57,39,18,28.7,114.7,106.5,8.2,13.1,2.38,19.4,0.6,7.4,4.2,8.1,58.2,60.7,16.9,100.4,8.4,3444
172,Thanasis Antetokounmpo,MIL,28,57,37,20,9.7,107.1,104.6,2.5,11.3,1.07,18.6,9.3,11.3,10.3,17.4,51.5,52.3,14.7,106.62,5.5,1204
180,Garrett Temple,CHI,35,56,25,31,27.3,110.8,109.3,1.5,10.4,2.14,21.3,1.9,8.2,5.2,10,50.3,52.5,12.6,102.2,5.1,3254
180,Kendrick Nunn,MIA,25,56,31,25,29.5,111.1,111.6,-0.4,14,1.85,16.2,1.3,9.6,5.5,8.8,57.8,59.6,20.5,97.49,9.5,3355
180,Malcolm Brogdon,IND,28,56,27,29,34.5,110.6,111.1,-0.5,27.1,2.86,22,2.9,11.8,7.3,7.7,52.7,56.1,25.7,101.02,12.8,4056
180,Mason Plumlee,DET,31,56,14,42,26.8,109.1,114,-4.9,20.5,1.92,26.5,9.5,26.4,17.6,13.8,61.4,63.8,16.3,98.52,12.9,3076
180,Pascal Siakam,TOR,27,56,21,35,35.8,114.4,111.4,3,19.5,1.92,17,4.5,15.6,9.9,8.8,49.3,54.7,26.1,99.5,11.9,4161
180,Paul Millsap,DEN,36,56,38,18,20.8,116.2,111.5,4.7,11.3,1.92,16.6,6.7,16.7,11.7,8.6,53.7,56.5,18.4,96.76,9.8,2339
180,Sekou Doumbouya,DET,20,56,15,41,15.5,104.5,111.5,-6.9,8,1.07,11.7,4.5,11.7,8.2,10.9,42.6,45.9,17.6,99.17,4.5,1792
180,Semi Ojeleye,BOS,26,56,28,28,17,107.6,107.8,-0.2,5.4,1.76,12.6,3.2,12.1,7.6,7.2,53.4,55.3,11.4,99,6.3,1963
180,Will Barton,DEN,30,56,37,19,31,118.4,112.4,6,13.5,1.89,19.4,2.4,10.9,6.7,10.3,50.7,53.8,18.7,97.52,7.6,3535
189,Darius Bazley,OKC,21,55,16,39,31.2,100.7,113.8,-13.1,9.1,0.81,10,2.7,19.3,10.8,12.3,45.6,49.1,21.8,102.43,8.6,3659
189,Devonte' Graham,CHA,26,55,23,32,30.2,109.2,107.1,2.1,27.2,3.51,26.4,1.3,7.5,4.3,7.5,51,55.2,21.1,99.34,10.3,3444
189,Furkan Korkmaz,PHI,23,55,39,16,19.3,110.3,104.3,6,11.1,1.78,14,1.5,9,5.2,7.9,52,54.4,19.5,101.22,8.9,2243
189,Jeff Teague,MIL,33,55,27,28,17.3,113,110.3,2.8,18.2,2.06,25,1.6,7.4,4.6,12.1,49.6,56.2,17.4,101.9,7.9,2017
189,Kelly Oubre Jr.,GSW,25,55,27,28,30.7,105.2,109.8,-4.6,6.7,1.04,7.8,4.6,13.5,9.1,7.4,50.1,52.9,21.5,104.57,9,3667
189,Lonzo Ball,NOP,23,55,23,32,31.8,114.2,113.7,0.5,24.6,2.57,27.1,1.8,12.9,7.3,10.5,53.7,55.1,20.2,100.81,10.5,3683
189,Rodney Hood,TOR,28,55,29,26,17.1,107.4,114,-6.6,8.3,1.47,14.7,2.3,8.4,5.2,10,42.7,45.2,13.9,99.67,3.7,1957
196,Daniel Gafford,WAS,22,54,31,23,14.7,112.5,108.4,4.1,5.1,0.71,8.5,11.8,16,14,12,68.4,69.7,16.1,104.72,12.2,1717
196,Darius Garland,CLE,21,54,18,36,33.1,105.7,112.3,-6.6,29.8,2.01,24.4,1.3,6.2,3.7,12.1,51.7,54.7,24.5,98.78,10.1,3687
196,Deni Avdija,WAS,20,54,25,29,23.3,107.8,109.9,-2.1,6.4,1.91,14.8,1.7,18.1,9.9,7.7,50.2,51.5,11.8,106.28,6,2773
196,Drew Eubanks,SAS,24,54,21,33,14,103.6,108.2,-4.6,8.6,0.93,12.4,9,20.7,14.8,13.2,57.1,61.8,16.6,102.29,11.5,1599
196,Jerami Grant,DET,27,54,15,39,33.9,108.3,111.5,-3.2,14.5,1.39,11.3,1.8,11.8,6.7,8.1,49.1,55.6,27.8,99.21,11.4,3783
196,Kira Lewis Jr.,NOP,20,54,23,31,16.7,108.9,108.1,0.8,19.1,3.65,24,1.2,6.4,3.7,6.6,44.5,47.7,17.6,102.61,6.4,1937
196,Kyrie Irving,BKN,29,54,36,18,34.9,119.4,113.8,5.6,26.9,2.49,19.9,2.9,10.1,6.7,8,57.6,61.4,29.7,101.13,14.9,3976
196,Miye Oni,UTA,23,54,45,9,9.6,108.4,99.5,8.8,7.1,1.75,19.2,4.3,10.6,7.6,11,50.5,51.7,9.5,101.61,4,1097
196,Paul George,LAC,31,54,38,16,33.7,118.3,107,11.3,23.9,1.56,18.6,2.6,17.1,10.1,11.9,55.7,59.8,29.6,97.55,14.5,3707
196,Tristan Thompson,BOS,30,54,27,27,23.8,111.9,110.9,1,7.3,1.08,13.2,12.4,21.2,16.7,12.2,51.8,54,14.4,99.66,9.3,2670
196,Tyler Herro,MIA,21,54,29,25,30.3,107.7,110.6,-2.9,18.4,1.82,17.9,1.5,14.4,8.1,9.8,51.6,54.3,22.5,98.46,10.8,3360
196,Wendell Carter Jr.,ORL,22,54,21,33,25.5,104.5,113.5,-9,11.6,1.33,14.5,9.1,21.9,15.4,10.9,52,56.6,18.8,100.67,11.5,2893
208,Aron Baynes,TOR,34,53,20,33,18.5,106.6,111,-4.4,7,1.02,11.4,8.2,19.2,13.5,11.1,48.5,50.3,15.7,101.31,7,2074
208,Ben McLemore,LAL,28,53,20,33,17.1,105,109.2,-4.2,6.4,0.93,8.4,1.5,9.1,5.1,9.1,50.3,52.3,19.2,103.95,5.3,1952
208,Caleb Martin,CHA,25,53,23,30,15.4,104.7,109.5,-4.9,12.3,2.03,17.5,3.6,12.5,8.1,8.6,43.6,46.5,16.4,99.93,6.7,1696
208,Donovan Mitchell,UTA,24,53,39,14,33.4,117.1,109.2,7.9,26.6,1.88,16.8,2.8,9.5,6.3,8.9,52,56.9,32.7,99.99,13.8,3688
208,Edmond Sumner,IND,25,53,23,30,16.2,111.8,112.2,-0.4,7.5,0.96,11.8,2,8.3,5.2,12.2,58.7,62.6,17.6,105.9,7.2,1889
208,Juan Toscano-Anderson,GSW,28,53,28,25,20.9,109.4,105.6,3.8,18.1,2.46,34.6,2.6,17.2,10.2,14.1,66.7,67.6,10.8,104.08,9.8,2404
208,Willie Cauley-Stein,DAL,27,53,29,24,17.1,114.4,105,9.4,5.3,1.21,12.4,7.3,17.5,12.6,10.3,63.5,64.7,12,99,8.4,1851
215,Cody Martin,CHA,25,52,26,26,16.3,109.1,108.1,1,13.8,2.15,25.9,5.9,12.6,9.2,12,48.4,50,12.3,100.16,7.3,1762
215,De'Anthony Melton,MEM,23,52,27,25,20.1,111.4,105.4,6,17.2,2,21.6,2.6,11.8,7.2,10.8,54.8,56.8,18.9,102.73,10,2230
215,Fred VanVleet,TOR,27,52,22,30,36.5,113.6,110.2,3.3,26.4,3.45,23.8,1.6,10.1,5.7,6.9,48.9,53.4,23.7,99.17,11.5,3927
215,Hamidou Diallo,DET,22,52,18,34,23.6,102,110.6,-8.6,13.3,1.33,13.8,4.6,16.1,10.5,10.4,50.6,54.1,21.8,100.59,9.9,2583
215,Jimmy Butler,MIA,31,52,33,19,33.6,112.1,106.9,5.2,34.5,3.39,26.5,5.6,15.3,10.5,7.8,51.4,60.7,25.9,97.73,18.4,3557
215,Juancho Hernangomez,MIN,25,52,19,33,17.3,110.5,115.4,-4.9,5.5,1.3,8.7,4.7,17.7,11,6.7,52.7,54.9,16.7,102.74,8.5,1937
215,Kawhi Leonard,LAC,30,52,36,16,34.1,121.4,109.2,12.2,23.8,2.56,19.2,3.4,16.1,9.9,7.5,56.8,62.2,28.2,97.48,17,3603
215,Luguentz Dort,OKC,22,52,18,34,29.7,104.4,111.6,-7.2,9,1.11,10.1,2.3,9.2,5.7,9,47.5,51.3,21.8,101.09,6.2,3242
215,Marc Gasol,LAL,36,52,32,20,19.1,108.5,104.2,4.3,14.5,2.06,28.9,3.9,17.4,10.8,14.1,58.2,60.6,11.7,99.96,8.3,2068
215,P.J. Tucker,MIL,36,52,27,25,26.1,109.2,114.7,-5.5,5.7,1.53,21,3.5,11.3,7.3,13.7,48.6,51,7.2,101.99,3.4,2871
215,Robert Williams III,BOS,23,52,29,23,18.9,112.4,112,0.4,13.7,1.81,21.6,13.6,23.2,18.4,12,72.1,71.9,14.5,99.97,15.2,2052
226,Danilo Gallinari,ATL,32,51,29,22,24,113,110.3,2.7,9.9,1.77,11.4,1.5,15.5,8.7,6.4,54.2,61.3,21.1,98.8,11.2,2526
226,DeAndre' Bembry,TOR,26,51,23,28,19.1,108.1,107.7,0.4,15.7,1.51,24.6,3.3,11.2,7.2,16.3,54.4,57,14.2,101.1,7.9,2046
226,James Johnson,NOP,34,51,21,30,20.5,106.4,111.4,-5,13.4,1.78,19.1,2.9,13.1,8,10.7,49.4,51,16.6,102.54,7.1,2220
226,Joel Embiid,PHI,27,51,39,12,31.1,117.8,105.8,12,15.6,0.91,10,7.8,25.4,17.2,11,54.5,63.6,35.2,100.79,20.3,3331
226,Jordan McLaughlin,MIN,25,51,15,36,18.4,102.6,108.8,-6.3,29.2,3.78,38.6,2,9,5.3,10.2,48.1,50.2,13.3,103.41,9.5,2018
226,Jordan Poole,GSW,22,51,28,23,19.4,107.6,106.9,0.7,16.1,1.94,14.8,1.5,7.4,4.4,7.6,53.5,58.1,24.6,101.94,10.1,2105
226,LaMelo Ball,CHA,19,51,23,28,28.8,108.7,111.8,-3.1,32.2,2.16,26.1,4.1,16.1,10,12.1,50.4,53.9,24.7,103.35,12.1,3169
226,Lauri Markkanen,CHI,24,51,20,31,25.8,107.1,109.9,-2.8,5.1,0.87,6.9,2.7,17.3,10.1,7.9,59.4,61.9,19.7,100.78,11,2780
226,Mike Conley,UTA,33,51,37,14,29.4,116.2,99.5,16.7,30.3,3.08,27.5,2.4,8.2,5.5,8.9,55.2,58.9,22.4,101.52,13.1,3176
226,Mike Scott,PHI,32,51,35,16,16.7,105.7,105.9,-0.2,6.4,2.11,14.5,1.2,12.9,6.9,6.9,48.6,49.2,11.6,101.9,5,1806
226,R.J. Hampton,ORL,20,51,20,31,17.4,102.6,116.7,-14.2,15.5,1.64,17.8,3,16.2,9.4,10.8,47.8,50.7,19.1,101.94,8.5,1879
226,Sterling Brown,HOU,26,51,14,37,24.1,105.5,110.8,-5.4,8.8,1.76,15.6,2.9,14.7,8.6,8.9,58.4,59.7,13.3,102.14,8.2,2608
238,Aaron Gordon,DEN,25,50,29,21,27.7,112.5,110.4,2.1,16.5,1.66,19.6,5.5,15,10.2,11.8,52.2,54.7,20.4,99.48,9.5,2868
238,Dario Saric,PHX,27,50,37,13,17.4,115.9,104.4,11.5,10.4,1.14,12.7,5.5,16.8,11.2,11.2,51.6,56.7,21.8,101.27,9.4,1840
238,Derrick Rose,NYK,32,50,28,22,25.6,109.8,105,4.9,27.6,2.68,21.9,1.5,8.1,4.9,8.2,51.1,55,25.2,98.32,13.3,2622
238,Gabe Vincent,MIA,25,50,27,23,13.1,104.3,110.3,-5.9,16.1,1.97,19.6,1.6,6.8,4.3,9.9,47.6,49.8,18.4,97.74,4.9,1335
238,Goran Dragic,MIA,35,50,30,20,26.7,110.1,108.6,1.5,26,1.86,23.1,1.9,10.7,6.3,12.5,51.4,55.2,23.9,98.59,9.7,2745
238,Grayson Allen,MEM,25,50,26,24,25.2,111.6,111,0.5,11.6,2.25,17.9,1.4,10.6,6,7.9,54.7,58.6,16.4,102.33,8.4,2682
238,Karl-Anthony Towns,MIN,25,50,19,31,33.8,114.6,114.7,-0.1,21.6,1.41,16.2,7.5,23.7,15.4,11.5,55.5,61.2,28.6,101.77,15.5,3588
238,Maxi Kleber,DAL,29,50,31,19,26.8,113.5,108.9,4.6,6.6,2.27,17.4,3.5,15.1,9.5,7.7,58,60.6,10.3,100.1,7.3,2799
238,Onyeka Okongwu,ATL,20,50,31,19,12,106.2,112.6,-6.3,4.7,0.62,8.2,10,17.2,13.5,13.2,64.4,65.5,14.1,101.4,8.7,1266
238,PJ Dozier,DEN,24,50,36,14,21.8,112,102.5,9.5,11.6,2,17.7,3.1,13.3,8.2,8.8,48.3,50.1,16.6,99.31,7.6,2242
238,Torrey Craig,PHX,30,50,33,17,16.1,111,114.7,-3.7,8.4,1.96,15.7,7,18.5,12.5,8,56.6,57.9,14.1,99.2,8.6,1645
238,Yuta Watanabe,TOR,26,50,24,26,14.5,105,107.8,-2.7,7.9,2.11,15.9,4.6,17.1,10.6,7.5,53.9,56.5,12.1,101.77,8.9,1533
250,Alec Burks,NYK,29,49,27,22,25.6,109.6,104.6,5,13.5,2.18,15.2,1.6,15.6,8.7,6.9,52.2,56.4,20.8,97.22,11.5,2540
251,Cody Zeller,CHA,28,48,21,27,20.9,112.3,110.3,2,12.5,1.69,16.8,11.5,21,16.1,10,56.5,59.9,17.7,100.91,11.4,2113
251,Jamal Murray,DEN,24,48,31,17,35.5,118.6,110.6,8,19.7,2.14,19.3,2.3,9.5,5.9,9,55.9,59.2,24.4,97.41,11.7,3468
251,Marcus Smart,BOS,27,48,24,24,32.9,114.2,111.3,2.8,22.7,2.84,28.7,2.2,8.4,5.2,10.1,48.9,53.9,17.9,101.16,8.5,3332
251,Nassir Little,POR,21,48,27,21,13.3,116.2,118.4,-2.2,4.9,1.28,10.1,4.6,14.4,9.4,7.9,55.1,58.9,13.5,99.06,7.2,1317
251,Saben Lee,DET,22,48,14,34,16.3,105.4,111.7,-6.3,33.3,3.16,36.3,2.6,9.9,6.3,11.5,49,53.6,17.1,98.91,9.6,1614
256,Brandon Goodwin,ATL,25,47,25,22,13.2,104.7,109.1,-4.4,24.6,2.64,25.4,1.2,9.7,5.3,9.6,44.8,47.1,19,99.05,7.2,1276
256,CJ McCollum,POR,29,47,28,19,34,119,112.8,6.2,22,3.43,18.2,1.8,9.9,5.6,5.3,55.4,57.7,26.5,100.01,12.3,3333
256,Caris LeVert,IND,26,47,24,23,31.6,111.9,112.1,-0.2,25.5,2.4,19.8,2.2,11.1,6.8,8.2,49.3,53.1,27.9,104.41,11.6,3231
256,Cole Anthony,ORL,21,47,13,34,27.1,103.5,116.3,-12.8,24.1,1.81,21.2,2.7,14.2,8.1,11.7,44.9,49.6,23.5,100.08,9.1,2662
256,Frank Kaminsky,PHX,28,47,33,14,15.2,113.5,108.9,4.6,15.4,3.59,20.5,5.1,20.8,13.1,5.7,53.1,54.7,18.5,99.62,10.6,1478
256,Jalen McDaniels,CHA,23,47,18,29,19.2,104.6,113.9,-9.4,9,1.18,13,4.7,13.8,9.1,11,53,55.4,16.9,98.54,7.3,1852
256,Josh Hart,NOP,26,47,21,26,28.7,111.9,112.1,-0.2,10.9,2.22,20.2,3.9,23.4,13.8,9.1,53.1,56.6,13.3,101.19,10,2847
256,Malachi Flynn,TOR,23,47,21,26,19.7,103.8,109.4,-5.6,22.5,3.19,25.3,1,11.4,6,7.9,45.3,48.4,18.3,101.04,8.3,1958
256,Monte Morris,DEN,26,47,30,17,25.5,115.7,109.5,6.2,17.2,4.41,24.9,0.9,7.1,4,5.6,54.7,57.4,16.1,98.88,9.2,2464
256,Myles Turner,IND,25,47,22,25,31,109.2,107.9,1.3,4.7,0.72,7.8,4.3,15.9,10.2,10.9,55.7,59.9,16.7,100.71,9,3047
256,Tony Snell,ATL,29,47,29,18,21.1,113.8,111.6,2.2,8,2.81,23.1,1.9,9,5.6,8.2,69.6,70.8,8.4,98.85,6,2051
256,Willy Hernangomez,NOP,27,47,20,27,18,113.6,113.6,0,8.2,1.47,12.7,13.4,24.7,19.1,8.7,56.5,59.1,16.6,103.19,12.5,1813
268,Aaron Nesmith,BOS,21,46,22,24,14.5,108.6,109.1,-0.5,4.7,1,9.7,4.1,14.6,9.3,9.7,55.1,57.3,13.3,101.13,6,1409
268,Andre Drummond,LAL,27,46,19,27,27,107.5,111.4,-3.9,12.4,0.76,10.7,13.2,33.6,22.9,14.1,49.3,51.9,26.9,98.31,13.9,2540
268,Blake Griffin,BKN,32,46,24,22,25.8,113.1,111,2.1,17.1,2.26,21.2,2.9,15.9,9.4,9.4,50.9,54.6,19.1,98.38,9.2,2435
268,Damyean Dotson,CLE,27,46,14,32,19.7,97,109.4,-12.5,16.1,2.17,20.6,0.5,9.5,4.8,9.5,48.5,49.9,16.2,99.68,6.9,1893
268,Isaiah Hartenstein,CLE,23,46,20,26,12.1,107.8,105.7,2.1,14.7,1.25,18.3,11.4,20.7,16,14.6,55.6,58.3,18.7,99.97,10.8,1152
268,JaVale McGee,DEN,33,46,21,25,14.7,100.9,106.9,-6.1,9.8,0.65,9.5,10.5,23.1,16.6,14.6,52,54.1,22.8,99.87,11.5,1410
268,Kyle Lowry,TOR,35,46,15,31,34.8,112.6,113,-0.3,31.1,2.68,30,2.1,13.3,7.5,11.2,54.6,59.3,20.9,101.38,11.5,3385
268,Mo Bamba,ORL,23,46,11,35,15.8,102.4,115.2,-12.9,8.2,0.97,8.8,9.1,24,16.3,9,53.5,55.6,21,101.09,12.3,1523
268,Nickeil Alexander-Walker,NOP,22,46,20,26,21.9,108.2,111.5,-3.3,15.5,1.48,15.6,1.2,12.7,6.9,10.5,50.2,52.2,22.8,100.54,8.8,2117
268,Terrence Ross,ORL,30,46,16,30,29.3,103.2,112,-8.8,13.3,1.46,12.7,1,10.4,5.4,8.7,48.5,53,23,100.24,9,2818
268,Wayne Ellington,DET,33,46,13,33,22,110,114.2,-4.3,9.7,2.03,14.9,1.2,7.3,4.2,7.3,61.2,62.5,16.2,99.33,7.5,2103
279,Aleksej Pokusevski,OKC,19,45,13,32,24.2,98.1,114.9,-16.7,13.3,0.98,15.5,2.5,15.5,9,15.9,41.2,43,19.7,104.44,5.8,2373
279,Chuma Okeke,ORL,22,45,15,30,25.2,102.6,109.8,-7.2,13.2,2.66,21.1,3.3,11.7,7.4,7.9,49.2,51.1,14.2,100.85,8.4,2374
279,Goga Bitadze,IND,21,45,19,26,12.5,108.5,109.3,-0.8,8.7,2.18,13.4,9.5,14.8,12.1,6.2,47.9,52.3,16.9,105.27,7.8,1227
279,Jake Layman,MIN,27,45,12,33,13.9,101.5,107.3,-5.8,6.7,1.08,11.1,1.9,8.3,5.1,10.3,55.7,57.7,14.7,104.15,7.4,1360
279,KJ Martin,HOU,20,45,10,35,23.7,105.5,117,-11.5,6.8,1.26,10.9,6.3,15.9,10.8,8.6,56.4,59,15.4,102.71,9,2275
279,LeBron James,LAL,36,45,30,15,33.4,112.4,103.2,9.2,39.4,2.08,24.3,2,20.2,11.4,11.7,57.6,60.2,31,100.41,19.1,3145
279,Matt Thomas,UTA,26,45,27,18,7.3,100,109.3,-9.3,9.6,1.36,11.6,2,11.2,6.5,8.5,50,52.2,18.7,102.28,7.1,695
279,Moritz Wagner,ORL,24,45,19,26,16,104.9,112.8,-7.9,10.7,1.16,13.9,3.5,14.9,9.3,11.9,52.2,58,17.8,104.8,8,1568
279,Nicolo Melli,DAL,30,45,26,19,12.6,106.3,105.2,1.1,10.8,3.67,21.2,4.6,16.6,10.2,5.8,40.8,44.1,12.3,96.87,6.4,1148
279,Rajon Rondo,LAC,35,45,28,17,17.1,107.7,106.8,1,37.5,2.52,39.8,2.3,11.3,6.9,15.8,52.6,54.4,16.6,99.08,11,1591
279,Taj Gibson,NYK,36,45,29,16,20.8,110.5,103.1,7.3,5.4,1.64,14.9,10.2,15.1,12.7,9.1,63.6,66.1,9.5,97.67,9.5,1899
290,Amir Coffey,LAC,24,44,32,12,9,99.9,101.1,-1.2,9,1.47,14,2.3,8.1,5.2,9.6,54.9,58.5,14.5,99.76,7,812
290,Bogdan Bogdanovic,ATL,28,44,30,14,29.7,114.9,111,3.9,16.9,2.72,18.7,1.6,10.4,6.1,6.9,60.2,61.6,21,99.59,11,2710
290,Gordon Hayward,CHA,31,44,24,20,34,111,110.3,0.7,18.9,1.99,17.9,2.4,14.3,8.3,9,53.7,58.4,23.5,100.83,12.4,3142
290,Ish Smith,WAS,32,44,23,21,21,111,108.7,2.3,24.2,4.2,32.8,2.2,13.1,7.6,7.8,46.5,47.3,15.5,104.87,9.3,2020
290,JJ Redick,DAL,37,44,22,22,16.4,109.3,110.6,-1.3,9.8,1.42,13.7,0.6,8.2,4.4,9.7,52.1,56.4,18.4,102.32,6.7,1552
290,James Harden,BKN,31,44,31,13,36.6,117.2,114.3,2.9,44.2,2.68,31.2,2.3,19.1,11.1,11.6,54.8,61.8,28.3,99.78,17.4,3347
290,Ryan Arcidiacono,CHI,27,44,20,24,10.2,104,104,0,17.6,5.6,29.3,1.1,13.5,7.4,5.2,52.6,54.1,12.8,99.21,7.8,936
297,John Konchar,MEM,25,43,23,20,13.4,110.6,108.6,2.1,11.1,2.61,21.6,5.7,16.1,10.7,8.3,57.6,60.8,12.4,100.85,9.8,1204
297,Kemba Walker,OKC,31,43,22,21,31.8,114.5,111.4,3.1,23.3,2.41,20.5,1.2,11.3,6.2,8.5,51.4,55.9,25.6,99.45,12.3,2839
297,Kristaps Porzingis,DAL,25,43,26,17,30.9,116,115.3,0.7,8.1,1.33,7.9,6.2,21.9,14.1,5.9,54.7,58.2,25.9,98.93,13.5,2729
297,Marvin Bagley III,SAC,22,43,20,23,25.9,112.8,116.5,-3.7,5.7,0.73,6.6,9.2,18.8,14,9,54.2,55.4,22.9,101.26,9.9,2345
297,Moses Brown,BOS,21,43,8,35,21.4,98.1,116.4,-18.3,1.7,0.23,2.7,14.3,23.8,18.8,11.4,54.5,57.2,15.7,104.74,11.4,2010
297,OG Anunoby,TOR,23,43,18,25,33.3,112.4,109.1,3.3,9.8,1.25,12.8,3.7,12.5,8.1,10.2,58,60.5,19.3,99.9,9.9,2992
303,D'Angelo Russell,MIN,25,42,16,26,28.5,109.7,116.8,-7,32.3,2.18,22.8,1.2,7.7,4.4,10.4,52.3,55.5,28.3,104.18,11.4,2591
303,Evan Fournier,BOS,28,42,18,24,30,111.6,113,-1.4,17,1.97,17.8,0.7,9.4,4.9,9,56.5,59.8,22.2,101.83,9.8,2672
303,Jaylen Nowell,MIN,21,42,10,32,18.1,104.5,111.1,-6.6,13,2.21,13.9,2.2,9.8,5.8,6.3,49.9,52.8,20.6,103.74,8.1,1645
303,Kevin Knox II,NYK,21,42,26,16,11.1,101.1,104.7,-3.5,6.4,1.12,10.2,2,10.1,6,9.1,51.4,53.7,15.2,99.38,6.5,962
303,Malik Monk,CHA,23,42,19,23,20.9,109.4,108.6,0.8,15.5,1.58,15.3,1.5,9.6,5.5,9.6,54,56.9,22.7,101.97,9.6,1874
303,Tony Bradley,OKC,23,42,15,27,16.3,108.7,110.5,-1.8,7.7,1.12,12.6,12.1,22.4,17.2,11.3,66.5,67.8,15.4,102.32,13.2,1463
303,Zeke Nnaji,DEN,20,42,30,12,9.5,102,112.5,-10.5,3.7,1.43,7.8,3.4,12.9,8,5.5,59.6,61.5,12.6,102.52,7.4,852
310,Chasson Randle,ORL,28,41,10,31,20.4,97.7,112.7,-15,14.3,1.61,19.6,0.8,8.4,4.5,12.2,48.1,51.5,15.4,100.9,5.4,1759
310,Christian Wood,HOU,25,41,12,29,32.3,108.8,112.6,-3.8,8.9,0.89,8.1,5.5,22.8,14.2,9.2,57.4,59.1,25.5,102.27,13.9,2829
310,DeMarcus Cousins,LAC,30,41,22,19,17.4,103.4,106.6,-3.2,17.4,1.19,15.9,7,29.3,17.8,13.4,50.3,53.7,23.9,101.91,13,1508
310,Isaiah Joe,PHI,21,41,22,19,9.3,106.9,105.1,1.8,7.2,1.82,11.5,1.4,8.3,4.5,6.3,50.8,53.3,16.3,103.07,5.8,816
310,James Ennis III,ORL,30,41,12,29,24.1,107.9,111.7,-3.8,8.7,1.72,16.5,4.2,12.3,8.2,9.6,56.6,61.3,13.7,99.6,7.7,2049
310,Javonte Green,CHI,27,41,19,22,11.6,109,107.2,1.8,4.8,0.89,11,5.6,10,7.7,12.3,56.9,61,12.2,101.22,6.9,999
310,Serge Ibaka,LAC,31,41,24,17,23.3,117.5,110.1,7.4,11,1.68,14.7,8,21.7,15,8.7,56.3,58.5,20,97.67,11.5,1948
310,Taurean Prince,CLE,27,41,15,26,22.1,108.5,114.6,-6.1,12.1,1.62,15.8,2.1,13.2,7.7,9.8,49.5,54,18.9,101.72,8,1913
310,Vlatko Cancar,DEN,24,41,28,13,6.9,96.5,113.9,-17.5,7.3,1,13.3,3.5,13.6,8.3,13.3,52.1,54.7,13.2,105.68,6.9,621
310,Wes Iwundu,NOP,26,41,17,24,13.1,103.6,110.1,-6.6,4.5,0.95,11.8,2.5,13,7.7,12.5,35.8,42.8,10.3,102.91,3.5,1147
320,Eric Paschall,GSW,24,40,20,20,17.4,103.7,110.5,-6.8,12.5,1.19,11.9,3.8,13.8,8.8,10,52.7,56.1,23.4,102.8,9.8,1483
320,Frank Jackson,DET,23,40,13,27,18.5,106.1,107,-1,7.9,1.06,9.2,2.1,9.2,5.7,8.7,56.1,59.8,20.7,99.74,9.3,1535
320,Isaac Bonga,WAS,21,40,16,24,10.8,99.2,102.4,-3.3,7.2,1.05,17.8,4.2,10,7.3,17.1,45.1,46.1,10.1,104.95,2.2,942
320,John Wall,HOU,30,40,12,28,32.2,106.1,111.8,-5.7,36.5,1.95,22.3,1.2,8.4,4.7,11.4,45.8,50.3,31.6,101.42,11.4,2717
320,Lamar Stevens,CLE,23,40,13,27,12.5,100.1,110.5,-10.4,7.9,1.09,12,4.4,14.5,9.2,11.1,47.1,52.1,15.2,100.57,7.2,1042
320,Langston Galloway,PHX,29,40,29,11,10.9,110.7,107.5,3.2,8,2,13.5,1.7,8,4.9,6.7,57.1,60.5,16.3,102.21,7.6,934
326,Alfonzo McKinnie,LAL,28,39,22,17,6.6,102,101.3,0.7,3.6,1.2,5.4,7.6,11.3,9.5,4.5,60.2,60.4,16.4,104.46,10,563
326,Damian Jones,SAC,26,39,24,15,14,104.9,110,-5.1,7.5,1.12,15.8,6.4,15.6,10.9,14.1,68.4,71.2,12,102.95,8.3,1167
326,Gary Clark,PHI,26,39,12,27,16.8,104.1,111.7,-7.7,6.4,1.82,16.8,4.4,12.5,8.2,9.2,42,43.6,9.7,101.25,4.4,1377
326,Gary Harris,ORL,26,39,15,24,27.7,110,114.2,-4.2,10.2,2.11,15.8,1.9,5.4,3.6,7.5,47,51.1,16.4,98.87,5.3,2230
326,James Wiseman,GSW,20,39,18,21,21.4,101.8,110.6,-8.8,5,0.43,5.3,6.3,19,12.7,12.2,53.5,55.2,23.1,105.66,8.8,1830
326,Josh Green,DAL,20,39,20,19,11.4,106.7,104.7,1.9,8.3,1.65,19,5.9,11,8.4,11.6,47.3,49,11.2,100.45,5.7,930
326,Max Strus,MIA,25,39,14,25,13,109.4,113.6,-4.2,7.4,3,10.5,1.1,7.3,4.3,3.5,58.8,59.7,17.9,98.32,7.2,1039
326,Mfiondu Kabengele,CLE,23,39,20,19,7.2,93.1,107.3,-14.2,9.9,1.13,13.1,3.9,15.1,9.6,11.5,44.4,48.6,16.8,102.94,6.5,597
326,Tyler Johnson,BKN,29,39,29,10,17.5,114,110.7,3.3,9.1,2.76,18.3,0.9,9.6,5.5,6.6,52.5,54.6,13.2,100.58,5.9,1433
335,Gorgui Dieng,SAS,31,38,14,24,14.5,106.6,113.2,-6.7,13,1.5,17.6,6.8,18.1,12.2,11.7,61.3,67,16.9,101.65,12,1175
335,Harry Giles III,POR,23,38,23,15,9.2,101.1,111.5,-10.4,12.5,1.45,18.4,7.9,25.4,16.8,12.7,47.4,49.6,15.4,103.33,9.5,749
335,Patrick Patterson,LAC,32,38,26,12,15.3,111.2,109.1,2.1,6.9,2.64,13.6,3.2,9.3,6.3,5.2,55.8,57.1,13.5,99.85,6.6,1209
338,Jusuf Nurkic,POR,26,37,22,15,23.8,115,108.2,6.9,20.6,1.71,21.6,9.4,28.3,18.6,12.6,53.2,55.4,21.7,102.21,13.4,1872
338,KZ Okpala,MIA,22,37,22,15,12.1,102.8,109.7,-6.8,6,1.27,14,4.7,10.4,7.5,11,43.8,44.8,11.5,98.48,2.4,915
338,Malik Beasley,MIN,24,37,8,29,32.8,107.9,115,-7.2,11.4,1.47,11.3,2.1,11.2,6.4,7.7,54.7,57,23.5,102.1,10.1,2577
338,Markus Howard,DEN,22,37,24,13,5.5,93.5,110.5,-17,14.5,1,12.4,0.4,9.5,4.8,12.4,46.2,47.7,25,107.97,4.6,465
338,Maurice Harkless,SAC,28,37,16,21,20.9,109.7,112.7,-2.9,7.1,2,17.5,1.7,9.7,5.8,8.8,48.8,52.7,11.4,102.73,4.4,1654
338,Nemanja Bjelica,MIA,33,37,16,21,16.1,109.8,116.5,-6.7,16,2.09,21.6,4.9,17.2,10.9,10.3,52.3,55.4,17.9,100.53,8.4,1254
338,Patrick Beverley,LAC,32,37,25,12,22.5,115.7,106.7,9,12.3,2.24,21.6,3.7,10.8,7.3,9.7,55,58,14.6,98.05,6.6,1698
338,Tre Jones,SAS,21,37,15,22,7.3,98.4,112.2,-13.8,22.8,3,28.1,2.8,4.9,3.8,9.4,49.4,54.4,15.9,100.88,8.4,562
346,Anthony Davis,LAL,28,36,23,13,32.3,112.5,107.4,5.2,15.4,1.49,12.4,5.4,19.8,12.5,8.3,51.2,55.6,28.7,99.29,15.3,2399
346,Austin Rivers,DEN,28,36,20,16,23.5,110.3,110.3,0,13.6,2.25,21.5,0.9,8.8,4.8,9.6,53.7,55.1,15,97.79,6.7,1726
346,Chimezie Metu,SAC,24,36,14,22,13.6,108.7,116.4,-7.8,8,0.97,10.9,6.4,17.5,11.8,11.3,54.5,57.1,19.4,103.51,8.3,1063
346,Danuel House Jr.,HOU,28,36,8,28,25.9,103.4,114.5,-11.2,11,1.92,17.1,1.8,12.1,6.7,8.9,50.4,52.5,15.3,101.91,6.5,1979
346,Derrick White,SAS,26,36,18,18,29.5,113.9,108.8,5.1,16.8,2.82,18.9,1.2,8.6,4.9,6.7,50.3,55,22.3,99.29,9,2192
346,Hassan Whiteside,SAC,32,36,16,20,15.2,106.3,114.5,-8.1,5.8,0.5,6.3,10.9,26.9,19,12.5,56.3,56.6,22.7,102.93,12.3,1166
346,Jeremy Lamb,IND,29,36,16,20,21.3,113,113.3,-0.3,9.4,2.41,13.8,3.2,13.7,8.4,5.7,52.9,58.7,18,102.29,9.8,1627
346,Justin James,SAC,24,36,15,21,8.6,100.3,108.8,-8.5,10.9,1.47,13.3,2.7,6.7,4.6,9.1,53.2,54.8,19.2,104.29,6.6,675
354,D.J. Wilson,HOU,25,35,13,22,12.4,99.7,111,-11.3,8.8,1.05,10.3,4.2,19.9,12,9.8,49.4,51.1,19.5,102.07,8.7,919
354,Kelan Martin,IND,25,35,16,19,9.2,115.3,99.7,15.6,7.1,1.06,9.7,5.2,15.9,10.8,9.1,53.6,55.1,19.9,102.9,9.9,685
354,Kevin Durant,BKN,32,35,23,12,33.1,121.7,111.1,10.7,25.2,1.63,19.1,1.2,18,10.5,11.8,60.8,66.6,30.3,103.03,17.2,2489
354,Larry Nance Jr.,CLE,28,35,13,22,31.2,101.7,107.4,-5.6,14.5,1.95,23.4,4.9,16.9,10.8,12,54.6,55.7,13.9,97.85,10.4,2220
354,Mike Muscala,OKC,29,35,15,20,18.4,102.5,101.9,0.6,6.9,1.33,8.6,2.8,15.7,9.5,6.5,57.3,59.9,19.4,102.92,11.2,1388
354,Shai Gilgeous-Alexander,OKC,22,35,16,19,33.7,107.2,114.9,-7.7,31.1,1.95,21.2,1.5,11.9,6.7,10.8,57.1,62.3,28.3,100.1,14.6,2462
360,Jarrett Culver,MIN,22,34,7,27,14.7,99,109.7,-10.7,7.9,0.86,9.9,5.9,13.2,9.4,11.5,44.9,47.6,17.9,103.72,5.7,1071
360,Justin Jackson,MIL,26,34,12,22,17,103.8,106.8,-3,13.6,1.63,16.1,2.6,10,6.3,9.9,48.4,51.6,19.5,103.26,7.7,1239
360,Shaquille Harrison,DEN,27,34,27,7,9.8,98.2,108.3,-10.1,10.9,2.27,20.2,2,11.7,6.8,8.9,35.3,41.6,12.4,102.89,4.7,711
360,Troy Brown Jr.,CHI,21,34,10,24,15.4,110.5,107.5,3.1,7.6,1.38,14.4,3.9,15.8,9.9,10.4,50.7,52.5,14.1,100.38,6.7,1091
364,Boban Marjanovic,DAL,32,33,14,19,8.2,107,101.1,5.9,6,0.83,6.2,15.9,29.1,22.3,7.5,51.2,56.2,23.1,100.13,16.2,561
364,Bruno Fernando,ATL,22,33,20,13,6.8,98.8,104.7,-6,6.9,0.48,11.8,6.6,25.6,16,24.7,40.9,47.5,13.3,103.78,6.9,492
364,Frank Ntilikina,NYK,22,33,23,10,9.8,99.7,103.3,-3.6,9.5,1.73,16.2,1.9,7.7,4.8,9.4,51.3,51.2,13.4,99.43,3.6,662
364,Luka Samanic,SAS,21,33,14,19,9.3,102.6,104.6,-2,7.3,0.75,9.9,4.9,15.8,10.4,13.2,50.5,51.8,18.7,101.47,6.5,648
364,Nathan Knight,ATL,23,33,21,12,8.4,102.6,106.9,-4.3,4.5,0.53,5.4,9.3,15.5,12.4,10.1,40,49.9,20.7,100.55,8.9,588
364,Skylar Mays,ATL,23,33,19,14,8.2,107,105.6,1.4,18,3.33,20.1,3.7,9.5,6.6,6,52,56.9,18.6,99.05,11.3,558
364,Ty Jerome,OKC,23,33,7,26,23.9,103.5,112,-8.5,22.9,2.55,25.6,1.2,10,5.5,10,57,58.5,18.1,102.91,9.5,1693
364,Victor Oladipo,MIA,29,33,13,20,32.7,106.5,108.8,-2.3,23.3,1.82,17.5,1,13.7,7.2,9.6,47.6,51.2,28.6,101.15,10.9,2267
372,Bol Bol,DEN,21,32,21,11,5,94.4,119.3,-24.9,6.7,0.54,8.4,0,15.4,7.4,15.7,50.9,53.4,19.1,110.79,5.7,374
372,Brodric Thomas,CLE,24,32,6,26,12.5,103.6,108.1,-4.5,11.5,1.36,16.6,1.9,10.7,6.2,12.2,43.5,48.7,15.8,100.74,5.2,833
372,Mason Jones,PHI,22,32,10,22,10.5,98.9,108.8,-9.9,21.1,1.45,18.9,1.8,14.5,7.6,13.1,52,55.6,21.7,105.91,9.2,730
372,Naji Marshall,NOP,23,32,14,18,21.9,108.1,109.6,-1.5,16.5,2.32,23.9,2,18.2,10,10.3,46.2,50.8,16,105.1,8.8,1530
372,Nic Claxton,BKN,22,32,23,9,18.6,114.3,102.1,12.3,6.8,1.56,12.8,7.4,18.7,13.4,8.3,62.4,61.2,13.6,100.65,10.9,1248
372,Tyler Cook,DET,23,32,11,21,13.7,106.6,110.8,-4.2,5.7,0.81,11,6.5,14.9,10.8,13.5,67.5,65.9,13.6,99.44,8.8,908
378,Carsen Edwards,BOS,23,31,14,17,8.9,105.1,109.2,-4.1,7.5,2,10.2,1,8.4,4.6,5.1,50.5,52.7,18.7,101.98,6.4,585
378,DaQuan Jeffries,SAS,23,31,6,25,15.9,109,113.4,-4.5,5.9,1.57,13.8,3.6,10.3,6.8,8.8,50,51.4,11.4,104.76,4.5,1072
378,Dylan Windler,CLE,24,31,11,20,16.5,104.6,111.1,-6.5,8.9,1.03,15.9,3.9,17.1,10.4,15.5,53.8,56.7,14,101.87,8.2,1092
378,Kyle Guy,SAC,23,31,11,20,7.6,107.4,111.5,-4.2,18.4,2.91,22.9,1.9,12.8,7.1,7.9,40.3,44.9,18.5,104.91,6.2,517
378,Luke Kornet,BOS,25,31,13,18,11.2,105.4,99.6,5.8,9.5,3.43,17.9,4.1,14.4,9.5,5.2,51,51.1,13.5,102.37,8.7,746
378,Michael Carter-Williams,ORL,29,31,12,19,25.8,103.1,105.6,-2.5,23.8,1.87,25.7,4.4,12.3,8.2,13.8,41.7,44.9,19.8,101.36,6.4,1685
378,Mitchell Robinson,NYK,23,31,15,16,27.5,106.1,106.5,-0.4,3,0.65,7,12.4,15.5,14,10.7,65.3,64.2,11.4,96.39,10.4,1707
385,CJ Elleby,POR,21,30,19,11,6.4,102.3,107.6,-5.3,7.6,2,11.4,4.9,8.9,6.9,5.7,43.2,46.8,16,106.16,4.7,429
385,Daniel Oturu,LAC,21,30,21,9,5.4,104.2,102.5,1.8,9.2,1.11,13,11.9,15.7,13.8,11.7,43.3,47.1,17.4,97.85,7.3,330
385,David Nwaba,HOU,28,30,8,22,22.6,106.8,108,-1.3,7,1.82,10.5,5.5,10.8,8.1,5.8,52.5,55.7,16.3,102.96,8.9,1451
385,George Hill,PHI,35,30,16,14,22.4,109.7,110.2,-0.4,15.6,2.35,22.8,2.3,6.3,4.4,9.7,56.1,59.6,16.1,98.38,8.8,1375
385,Jordan Nwora,MIL,22,30,19,11,9.1,106.8,107.1,-0.3,4,0.29,3.9,3.3,16.2,10.3,13.5,56.3,58.6,25.4,105.88,11.3,603
385,Keita Bates-Diop,SAS,25,30,13,17,8.2,103.8,111.5,-7.7,7.5,1.71,12.6,3.7,15.4,9.7,7.4,48.5,51.8,14.4,102.89,8.8,526
385,Nico Mannion,GSW,20,30,17,13,12.1,102.6,111.9,-9.4,27,2.26,30.7,1.6,10.7,6.1,13.6,43.9,48.7,18.6,102.55,7.5,776
385,Sam Merrill,MIL,25,30,18,12,7.8,101.2,109.7,-8.5,13.5,2.1,20,2.4,9.4,6,9.5,59,60.3,14.6,104.73,8.4,510
385,Trent Forrest,UTA,23,30,22,8,10.1,108.2,115.9,-7.7,20.5,2.14,30.8,3.8,11.1,7.5,14.4,48.6,55.4,14.4,98.78,7.8,621
385,Trevor Ariza,MIA,36,30,17,13,28,113.8,111,2.8,8.9,2.62,16.4,3.3,15,9,6.3,51.5,54.2,14.9,98.34,7.7,1719
395,JaKarr Sampson,IND,28,29,14,15,10.9,109.9,108.9,1.1,1.7,0.27,2.8,8,14.5,11.3,10.4,50.9,53.3,17.7,104.34,5.9,686
395,Juwan Morgan,UTA,24,29,24,5,5.1,90,124.1,-34.1,10.1,2.25,19.6,5.1,13.3,8.8,8.7,53.3,52.9,10.2,104.42,4.4,321
397,Al Horford,BOS,35,28,11,17,27.9,102.2,109.1,-6.9,20.6,3.24,19.2,3.4,19.5,11.4,5.9,52.8,53.8,22.1,100.3,13.1,1639
397,Jarrell Brantley,UTA,25,28,23,5,4.9,103,112.1,-9.1,17,1.88,19.7,5.9,12.5,9.1,10.5,59.6,60.5,18.2,103.59,9.6,300
397,Otto Porter Jr.,ORL,28,28,12,16,21.7,106.6,109.6,-3,13.3,2.2,16.9,4.4,19.8,12.1,7.7,51.8,55.2,18.4,102.64,11.6,1296
400,Avery Bradley,HOU,30,27,6,21,22.3,105.3,115.5,-10.2,10.8,1.64,18.3,1.3,7.8,4.6,11.1,47.1,48.7,14.6,102.39,3.9,1284
400,E'Twaun Moore,PHX,32,27,20,7,14.4,108.4,107.9,0.5,14,1.74,20.9,3.5,8,5.7,12,50,52.3,16.4,101.31,6.4,822
400,Eric Gordon,HOU,32,27,10,17,29.2,106.8,110.1,-3.3,14.7,1.39,13.3,0.9,6.2,3.5,9.6,52.7,57.7,24.6,102.85,9.7,1684
400,Jahlil Okafor,DET,25,27,5,22,12.9,98.5,108.7,-10.2,6.6,0.62,8.8,7,11.9,9.6,14.3,62.7,64.4,17,99.74,8.9,717
400,Jalen Smith,PHX,21,27,19,8,5.8,106.3,110.7,-4.4,3.7,0.57,6.3,4.4,17.4,11.1,10.9,48,49.9,16.1,103.72,5.9,336
400,Paul Watson,TOR,26,27,13,14,11,110.9,112.6,-1.7,8.1,1.89,15.2,1.2,12.9,7,8,64.6,64.9,13.3,101.77,7.1,632
406,Anthony Gill,WAS,28,26,11,15,8.4,104.1,105.6,-1.6,7.3,1.38,12.8,7.4,15.1,11.4,9.3,55.8,59.7,14.3,104.25,8.9,469
406,Cam Reddish,ATL,21,26,10,16,28.9,110.9,114.9,-4,6.6,1.03,9.4,2.8,10.9,6.8,9.2,42.8,48.8,18.3,102.8,5.3,1614
406,Justise Winslow,MEM,25,26,13,13,19.5,101,107.1,-6.1,14,1.35,15.9,3.2,18.7,10.8,11.8,37.6,39.5,21.2,104.84,6,1103
406,Kevin Porter Jr.,HOU,21,26,4,22,32.1,107.3,119.9,-12.6,29.3,1.8,24.7,2.2,9.8,5.8,13.7,49.3,52.8,24.7,102.69,8.6,1788
406,Killian Hayes,DET,19,26,6,20,25.8,100.6,110.7,-10.1,29.9,1.66,32.2,0.9,9.2,5,19.3,40.3,42.2,18.5,100.12,5.3,1403
406,LaMarcus Aldridge,BKN,35,26,15,11,25.9,110.6,113.4,-2.8,10.9,1.81,12.4,2.7,14.8,8.7,6.9,52.5,55.6,22.4,99.89,9.9,1406
406,Paul Reed,PHI,22,26,17,9,6.8,107.5,96.3,11.2,10.7,1,11.5,14.7,17.2,15.9,11.5,53.8,54,20.8,102.07,13.2,374
406,Reggie Perry,BKN,21,26,18,8,8.1,106.1,113.4,-7.3,9.7,0.93,12.5,11.7,20.4,16,13.4,43.6,46.6,19,101.96,6.4,446
406,Tremont Waters,BOS,23,26,13,13,9.1,106.1,108,-2,38,2.3,34.3,2.1,6.2,4.2,14.9,49.4,54.1,20.4,103,11,510
415,Chandler Hutchison,WAS,25,25,11,14,13.8,106.8,112,-5.2,6.1,0.85,11.3,1.6,19.5,10.6,13.2,41.7,46.9,15.5,107.44,6.1,766
415,Kevin Love,CLE,32,25,7,18,24.9,107,113.4,-6.5,15.3,1.66,16.9,2.6,27.2,14.7,10.2,52.2,55.6,21.1,100.57,12.3,1309
417,Abdel Nader,PHX,27,24,16,8,14.8,106.7,101.7,5,7.8,1,11.2,2,15.1,8.8,11.2,56.9,60.5,18.3,102.96,9.2,757
417,Anthony Lamb,HOU,23,24,3,21,17.3,105.1,114.3,-9.2,8,1.21,13.5,5.5,10.9,7.9,11.2,48.7,52.3,14.4,103.93,5,896
417,Cassius Stanley,IND,21,24,10,14,3.9,97.5,88.1,9.4,1.7,1,2,6.7,11,8.7,2,33.7,38.3,19.8,103.13,2.7,200
420,Al-Farouq Aminu,CHI,30,23,5,18,18.9,102.8,109,-6.2,10.1,1.11,18.8,5,20,12.5,17,42.4,46.9,13.8,98.01,7.5,887
420,De'Andre Hunter,ATL,23,23,12,11,29.5,111.3,105.9,5.5,9.8,1.52,12.2,2.4,12.5,7.6,8.1,54.6,60.3,19.4,101.8,10.4,1440
420,Dennis Smith Jr.,DET,23,23,7,16,18.3,105.8,108.1,-2.2,27.6,2.96,29.6,2.9,9.9,6.5,10,46.6,49.2,19.1,97.94,9.3,857
420,Ed Davis,MIN,32,23,5,18,13,101.4,109,-7.6,10,3,26.9,12.7,23.5,17.6,9,43.2,48.7,7.8,101.24,7.9,631
420,Glenn Robinson III,SAC,27,23,9,14,16.1,105.2,122.5,-17.3,7.5,1.82,14.2,2.8,9.4,6,7.8,50.5,55.4,13.5,102.74,5.7,793
420,Quinn Cook,CLE,28,23,13,10,6.8,100.3,104.2,-3.9,18.4,2.57,18.8,1.2,8.4,4.9,7.3,50.7,53.1,20.4,102.49,9.8,338
420,Trey Lyles,SAS,25,23,10,13,15.6,98.4,112.9,-14.5,6,2.33,11.6,2.2,21.3,11.1,5,55.6,57.4,12.8,99.67,9.8,743
427,Cassius Winston,WAS,23,22,10,12,4.5,92.8,114.2,-21.4,22.2,2.4,22.6,0,8.7,4.4,9.4,54.5,57.5,18.2,102.65,7.9,208
427,Chris Chiozza,BKN,25,22,12,10,10.6,105.9,102.9,3,38.2,4.06,36.7,1.2,8.8,4.9,9,42.6,46.1,20,101.44,9.3,493
429,Josh Hall,OKC,20,21,2,19,16,100.7,113.9,-13.2,11.8,1.12,16.3,1.6,15.1,8.1,14.5,32.3,36.3,17.4,104.93,1.5,733
429,Nate Hinton,DAL,22,21,11,10,4.4,87.3,115.4,-28.2,15.1,1.6,13.6,0.9,9.1,4.4,8.5,40.5,44.2,21.7,104.12,6.6,204
429,Oshae Brissett,IND,23,21,10,11,24.7,117,111,6,4.2,1.8,8.7,5.4,14.9,10.3,4.8,59.3,63.8,14.9,107.12,9.6,1154
429,Rodions Kurucs,MIL,23,21,10,11,5.9,102.5,102.8,-0.3,11.5,0.77,17.5,3.7,13.4,8.6,22.8,43.8,45.9,14.5,109.08,4.4,282
429,Sindarius Thornwell,ORL,26,21,7,14,10.3,102.6,104.6,-2,13.5,3,26.9,1.3,6.7,3.9,9,40.2,41.4,11,100.39,4.3,454
429,Wenyen Gabriel,NOP,24,21,9,12,11.5,106.4,105.6,0.8,6.3,0.73,11.7,6.9,13.5,10,16,50.8,53.3,13.5,102.44,5.5,513
435,Armoni Brooks,HOU,23,20,3,17,26,103.9,115.6,-11.7,9,1.36,12,1.7,11.2,6.1,8.8,56.3,56.5,17.5,102.94,6.8,1114
435,Deividas Sirvydis,DET,21,20,8,12,6.7,97.2,106.9,-9.7,6.2,1,9.6,0,22.5,10.7,9.6,47.5,48.1,15,100.61,7,281
435,Devontae Cacok,LAL,24,20,8,12,4.9,116.7,98.6,18.1,1.3,0.2,2.5,11.7,18.3,15.1,12.5,58.6,57.6,15.4,105.46,11.4,216
435,Freddie Gillespie,TOR,24,20,7,13,19.6,101.3,110.9,-9.6,3.4,0.75,7.4,10,14.2,12,9.9,52.4,56.3,12,100.86,7.5,824
435,Quinndary Weatherspoon,SAS,24,20,8,12,6.1,94.3,116.9,-22.6,10.7,0.8,13.3,2.4,7,4.6,16.7,47.1,54.7,18,103.46,4.6,261
440,Jaylen Hoard,OKC,22,19,1,18,16.8,99.9,108.9,-9.1,11,1.41,16.2,6.1,12.8,9.5,11.5,50,54.7,15.6,104.6,9.3,697
440,Tacko Fall,BOS,25,19,13,6,7.1,113.9,107.6,6.3,2.8,0.5,6.7,12.3,23.7,18.4,13.3,72.4,66,12.7,103.23,10.2,295
440,Vernon Carey Jr.,CHA,20,19,9,10,6,105,108.3,-3.2,2.8,0.4,4.2,5.4,17.4,11.6,10.4,51.4,56.3,17.8,100.44,7.9,238
443,Alize Johnson,BKN,25,18,10,8,10.5,107.5,112.1,-4.5,11,1.56,14.4,12.7,32,22,9.3,59.6,63.8,17.5,101.24,17.4,398
443,Cristiano Felicio,CHI,28,18,6,12,4.6,96.7,89.7,7.1,15.5,2.25,26.5,11.2,20.5,15.6,11.8,53.8,57.4,11.7,102.84,11.2,184
443,Darius Miller,OKC,31,18,5,13,10.9,105.3,98.1,7.2,15.1,2.63,25.9,1.1,10.3,6,9.9,63.5,68.5,12.7,104.88,11.5,433
443,Elijah Hughes,UTA,23,18,14,4,3.5,91.5,120.3,-28.8,15.8,1,13.6,1.4,11.9,6.6,13.6,46.7,48.8,24.2,105.09,7.1,141
443,Killian Tillie,MEM,23,18,11,7,10.1,107.2,97.7,9.6,6.3,4,11.1,3.1,8.2,5.9,2.8,42.1,46.1,14.8,102.06,4.7,388
443,Nick Richards,CHA,23,18,9,9,3.5,93.3,103.8,-10.5,5.4,0.67,10.5,5.6,9.6,7.6,15.8,44.4,54.2,11.1,101.95,3.3,134
443,Romeo Langford,BOS,21,18,9,9,15.7,98.1,108.2,-10.1,6.9,1.3,14.9,4,7.7,5.9,11.5,39.8,43.6,11.1,100.75,3,590
443,Sean McDermott,MEM,24,18,10,8,8.8,89.1,106.8,-17.7,4.3,1,8.9,3.1,8.7,5.5,8.9,47,53.4,10.1,103.34,5.2,341
443,Tyler Bey,DAL,23,18,11,7,3.9,85.8,112.8,-27,6.3,1,10,9,17.7,12.6,10,34.1,37.2,14.3,107.57,3.8,162
452,Ersan Ilyasova,UTA,34,17,14,3,8.7,109.7,103,6.7,4,0.5,5.9,4.7,14.3,9.5,11.8,55.6,57.8,19,98.42,6.2,300
452,Jerome Robinson,WAS,24,17,5,12,17.9,100,113.1,-13.1,11.4,1.32,17.1,1.1,10.5,5.6,13,35.3,40,16.1,104.83,3.1,660
452,Keljin Blevins,POR,25,17,11,6,4.4,85.2,107.5,-22.2,8.3,0.8,13.8,3.1,7.1,5.2,17.2,30,30,12.6,112.13,-0.5,176
452,Theo Pinson,NYK,25,17,9,8,2,85.2,101.2,-16,6.3,1,9.1,0,11.4,6.3,9.1,11.1,11.1,11.8,116.28,-4,81
456,Dewayne Dedmon,MIA,31,16,11,5,13.2,121.3,104.2,17.1,8.3,0.92,11.9,13.7,28.2,21,12.9,71.5,73.5,18.3,98.18,14.9,428
456,Rodney McGruder,DET,29,16,3,13,12.1,111.7,115.8,-4,12.8,2.29,16.7,4.2,7.8,6,7.3,60.7,61.9,17.9,97.28,9.7,392
458,Alen Smailagic,GSW,20,15,10,5,5.6,95.2,112.8,-17.6,7.8,0.8,10.3,6.5,11.1,8.7,12.8,48.1,47.2,16.5,107.33,4.3,188
458,Chris Silva,SAC,24,15,8,7,6.2,100,100.5,-0.5,10.2,0.6,15.4,8.2,21.7,15.3,25.6,65.6,70.8,15.1,104.72,6.4,201
458,Kostas Antetokounmpo,LAL,23,15,6,9,3.7,105.4,83.3,22.1,2.3,0.09,3.6,5.9,21.1,13.7,39.3,30,38.2,17.2,112.65,0.5,130
458,Ty-Shon Alexander,PHX,22,15,11,4,3.2,101,107,-6,20,2,27.3,3.8,15.7,9.7,13.6,33.3,34.9,14.3,100.07,5.2,98
458,Udoka Azubuike,UTA,21,15,13,2,3.8,69.8,124.4,-54.5,0,0,0,6.3,15,10.5,17.6,44.4,59.7,11.9,104.48,5.4,126
463,Adam Mokoka,CHI,22,14,3,11,4,83.2,90.3,-7.1,17.9,1,17.2,1.7,7.7,4.5,17.2,39.5,38.6,17.1,106.38,2.5,125
463,Jordan Bone,ORL,23,14,2,12,14,98.3,112.6,-14.3,14.3,6,24,1.8,10.2,5.7,4,51.9,51.9,12.1,101.46,6.7,414
463,Mamadi Diakite,MIL,24,14,7,7,10.1,103.2,99.4,3.8,7.9,2.67,13.8,5.2,16,10.7,5.2,41.3,47.7,14.2,107.54,8.1,314
463,Rayjon Tucker,PHI,23,14,8,6,4.9,96.1,101.3,-5.2,15.4,1.5,16.2,1.2,16.4,7.5,10.8,55.6,64.5,17.6,109.17,11.9,153
467,Donta Hall,ORL,23,13,3,10,13.8,97.9,104.5,-6.5,10.2,1.38,15.9,12.6,19.3,16,11.6,71.4,73.1,13.5,103.1,14.5,388
467,Ignas Brazdeikis,ORL,22,13,3,10,19.1,110.3,114.6,-4.3,10,1.42,14.3,4.1,12.9,8.5,10.1,48.8,51,17.1,101.47,6.3,524
467,Jabari Parker,BOS,26,13,4,9,12.7,100.6,106.1,-5.5,10.5,1.1,13.4,5.6,18,11.7,12.2,56.4,59.3,17.5,100.23,11.7,348
467,Jahmi'us Ramsey,SAC,20,13,5,8,7.3,106.7,104.2,2.4,8.8,2,12.2,1.9,8,4.8,6.1,46.1,49.8,18.3,107.46,6.3,210
467,Jalen Harris,TOR,22,13,3,10,13.2,108.2,107.8,0.3,15.3,1.21,15.9,1.7,9.1,5.2,13.1,61.8,63.2,21.9,102.91,9.7,368
467,Justin Patton,HOU,24,13,1,12,19,100.8,114.9,-14.1,8.4,3.5,15.6,4.7,14.2,9,4.4,47.9,48.8,12.8,102.51,6.5,524
467,Matthew Dellavedova,CLE,30,13,4,9,17.2,108.8,111.9,-3.1,33.7,9.67,47.5,2.9,8.5,5.7,4.9,28.6,31.2,12.5,100.13,5.2,466
467,Mike James,BKN,30,13,9,4,18.2,115.6,111.6,4.1,30.3,2.7,30.2,1.3,11.2,6.6,11.2,42.9,48.1,23.1,100.28,9.2,493
467,Norvel Pelle,NYK,28,13,8,5,6.4,113.3,101.1,12.2,3.2,0.67,8.7,7.7,15.3,11.7,13,53.3,56.7,10.6,103.44,5.3,180
467,Robert Woodard II,SAC,21,13,3,10,3.5,107.5,101,6.6,5.6,2,7.4,8,23.5,15.8,3.7,42.5,42.5,21,110,7.9,106
467,Terrance Ferguson,PHI,23,13,10,3,3.8,88.8,106.5,-17.8,5.7,0.5,15.4,0,2.4,1.1,30.8,14.3,14.3,9.4,104.14,-6.5,107
478,Jared Dudley,LAL,35,12,7,5,6.7,97.7,99.4,-1.7,8.1,2.5,31.3,4.7,21.3,12.7,12.5,33.3,33.3,5.6,100.29,5.5,171
479,Anthony Tolliver,PHI,36,11,7,4,9,109.8,93.2,16.6,2.5,0.67,8.3,2.8,7.1,4.8,12.5,35.3,43.3,9,105.24,2.2,214
479,Devon Dotson,CHI,21,11,4,7,4.6,105.3,83.7,21.7,20,0,25,3.9,6.1,5,0,54.8,54.8,16,103.72,16.6,113
479,Jaren Jackson Jr.,MEM,21,11,4,7,23.5,107.6,118,-10.5,7.4,0.8,7.1,6,16.4,11.2,8.8,49.2,55.1,25.2,101.41,9.7,543
479,Jontay Porter,MEM,21,11,7,4,4.9,93,92.2,0.9,3.3,0.14,4,6.5,14.9,10.9,28,63.3,64,18.2,102.24,6.7,115
479,Rondae Hollis-Jefferson,POR,26,11,6,5,9.8,111.7,112.8,-1.1,16.9,6.5,31.7,8,14,10.7,4.9,50,53.9,10.5,100.65,7.4,223
479,Tyrell Terry,DAL,20,11,2,9,5.1,88.4,88.4,0,15.8,3,24,0,11.8,5,8,31.3,31.8,13.5,103.15,6.7,121
485,Gabriel Deck,OKC,26,10,1,9,21.2,104.1,116.8,-12.7,16,4,22.4,6.7,11.8,9,5.6,49.3,54.8,15.9,103.21,10,458
485,Gary Payton II,GSW,28,10,7,3,4,103.3,101.1,2.2,3.7,1,6.3,5.1,17.6,12.2,6.3,84.6,84.7,15.3,109.87,16.4,92
485,Karim Mane,ORL,21,10,2,8,8.8,99.5,111.5,-12,6.1,1.33,18.2,1,15.1,7.3,13.6,26.9,36.2,8.5,99.46,1.7,183
485,Thomas Bryant,WAS,23,10,2,8,27.1,113.6,115.7,-2.1,7.9,1.36,12.1,6.3,16.3,11.1,8.9,69.8,70.4,16.3,107.31,11.1,605
485,Vincent Poirier,PHI,27,10,8,2,3.9,85.2,104.6,-19.4,8,0.5,9.5,13,22.2,17.1,19,25,27.3,19.4,107.33,-2,88
485,Yogi Ferrell,LAC,28,10,4,6,13.7,106.7,107.1,-0.4,22.9,7.33,25.9,3.4,9.5,6.5,3.5,43,45.9,19.3,99.17,9.4,283
491,Charlie Brown Jr.,OKC,24,9,1,8,16.9,100.3,113,-12.7,8,1.5,14.5,1.7,9.1,5.1,9.7,36,42.2,14,104.49,2.1,330
491,James Nunnally,NOP,30,9,3,6,5.3,99,103.9,-4.8,9.4,1.5,15.8,3.3,14.9,8.4,10.5,53.8,54,12.9,103.97,7.5,104
491,Jeremiah Martin,CLE,25,9,0,9,8.4,100.6,117.3,-16.7,9.1,0.67,8.9,2.1,6.5,4,13.3,31.8,31.3,22,99.64,1,156
491,Justin Robinson,OKC,23,9,0,9,9.7,97.9,119.9,-22,15,4.5,27.3,1.1,6.7,3.8,6.1,42.9,45.3,11.1,103.67,3.3,188
495,Axel Toupane,MIL,28,8,2,6,7.7,94,96.3,-2.2,9.8,0,22.2,0,8.2,4.2,0,40.9,49.7,9.2,105.07,6,134
495,Dakota Mathias,PHI,25,8,4,4,15.4,97.3,107.9,-10.6,15.7,13,20.3,0.7,4.1,2.3,1.6,47.9,47.4,16.6,102.83,6.2,263
495,Devin Cannady,ORL,25,8,0,8,9.3,100.6,114.4,-13.7,2.3,0.5,2.9,0,6.5,3,5.9,50,54.7,18.1,102.97,6.1,159
495,Jared Harper,NYK,23,8,5,3,2,78.6,95,-16.4,12.5,0.33,10,0,9.1,4.5,30,0,26,20,121.11,-5.2,42
495,Markelle Fultz,ORL,23,8,6,2,26.9,107.1,113.6,-6.5,29.3,2.39,25,2.1,9.5,5.6,10.5,41.3,45.8,25,103.16,8.1,463
495,Thon Maker,CLE,24,8,3,5,9.6,92.3,103.2,-10.9,10,1.33,13.3,9.3,11.8,10.5,10,55.6,65.7,14.5,97.61,13.4,155
501,Grant Riller,CHA,24,7,2,5,3.9,96.4,101.8,-5.4,30,3,18.8,0,4,2,6.3,75,75,22,97.82,21.1,55
501,Jaylen Adams,MIL,25,7,5,2,2.6,69,100,-31,20,0,20,0,14.3,6.7,0,12.5,12.5,17.8,109.93,-1.7,42
501,Nate Darling,CHA,22,7,3,4,3.7,67.9,122.2,-54.3,11.1,1,11.1,3.2,0,1.8,11.1,42.9,54.1,13.3,98.33,4.8,53
501,Robert Franks,ORL,24,7,0,7,14.4,106,120.5,-14.4,7,2.5,12.2,5.3,8.2,6.6,4.9,55.4,63.8,14.8,101.27,9.1,215
501,T.J. Leaf,POR,24,7,6,1,5.1,85.9,110.7,-24.8,3.8,0.5,7.1,0,10.6,5.5,14.3,50,55.1,13.8,114.52,8.4,85
506,Brian Bowen II,IND,22,6,1,5,2.5,93.8,84.4,9.4,0,0,0,0,15.8,7.1,0,25,33.8,9.8,103.33,4.5,32
506,Bruno Caboclo,HOU,25,6,1,5,6.1,96.3,94,2.3,4.8,0.25,4.3,6.4,26.8,15.9,17.4,47.1,47.5,23.2,108.03,11.3,81
506,Dante Exum,HOU,25,6,3,3,19.4,99.6,96,3.6,15.5,1.86,27.7,1.5,12.9,6.9,14.9,42.3,42.8,11.9,102.7,5.8,247
506,Jordan Bell,GSW,26,6,3,3,13.6,95.2,112.3,-17,13,1.75,20.6,6.9,18.9,12.6,11.8,31.8,32.8,14,99.36,6.8,168
506,Louis King,SAC,22,6,3,3,14.2,97.3,100.5,-3.3,18,2.25,18.4,5.1,13.5,9.3,8.2,55.9,60,19.1,103.26,14.8,185
506,Marques Bolden,CLE,23,6,2,4,4.8,82.8,70.5,12.3,0,0,0,8.3,8.8,8.6,22.2,33.3,53.7,13.6,99.74,11.5,58
512,Amida Brimah,IND,27,5,2,3,5.9,114.9,82.1,32.8,4.2,0.25,7.1,7.7,15,12.1,28.6,62.5,69.7,17.6,109.84,11.1,67
512,Anderson Varejao,CLE,38,5,1,4,7.2,85.9,123.5,-37.6,15,3,12.5,14.6,34.2,23.3,4.2,25,32.6,22.8,106.2,9,78
512,Andre Roberson,BKN,29,5,4,1,12.6,100,118.4,-18.4,9.8,2,19,10.3,13.6,11.8,9.5,17.9,20.2,11.7,96.87,2.3,129
512,Cam Reynolds,HOU,26,5,3,2,8.1,81.8,110.1,-28.3,9.5,0,10,3.7,7.9,5.4,0,41.7,41.7,18.2,104.93,4.2,88
512,Khyri Thomas,HOU,25,5,1,4,30.6,124.3,116.9,7.3,21,4.17,24.8,4.7,7.2,6,5.9,55.3,58.6,20.8,106.24,10.7,334
512,Patrick McCaw,TOR,25,5,2,3,6.7,104.5,137.5,-33,19,0,66.7,2.7,7.1,4.6,0,100,107.8,2.6,94.21,5.7,67
512,Tim Frazier,MEM,30,5,5,0,12.4,98.5,90.6,7.8,33.3,4,37.2,0,10.7,5.4,9.3,15,17.7,17.8,105.35,1.2,133
519,Cameron Oliver,HOU,24,4,1,3,21.8,111.2,116.4,-5.2,8.6,1.67,11.9,5,18.8,11.4,7.1,63.6,61.9,17.4,103.54,9.5,188
519,Frank Mason III,ORL,27,4,1,3,19.8,96.9,108,-11.1,21.8,2.4,27.3,3.3,10.3,6.8,11.4,41.7,46.2,17,97.78,5.9,161
519,Greg Whittington,DEN,28,4,3,1,3,103.7,70.4,33.3,0,0,0,0,0,0,0,0,0,10.3,107.85,-7.1,27
519,Jalen Lecque,IND,21,4,2,2,3,77.8,92.6,-14.8,33.3,0,16.7,8.3,20,12.8,0,11.1,24.2,26.3,106.81,12,27
519,Jay Scrubb,LAC,20,4,2,2,21,112.8,115.6,-2.8,1.5,0.14,2.2,2.2,14,7.9,15.2,41.7,45.8,21.7,100.35,5.1,179
519,Kris Dunn,ATL,27,4,1,3,11.4,86.3,117.7,-31.4,8,0.67,10.5,0,12.5,6.4,15.8,8.3,18.2,15.7,100.95,-6,95
519,Noah Vonleh,BKN,25,4,3,1,2.7,82.6,145.8,-63.2,14.3,0.5,16.7,0,14.3,6.7,33.3,0,0,21.7,104.77,-9.4,23
519,T.J. Warren,IND,27,4,3,1,29.3,111.3,108.7,2.6,6,1.25,7.9,1.7,10.6,6,6.3,52.9,56,21.3,102.44,7.2,248
527,Didi Louzada,NOP,21,3,0,3,18.8,102.5,109.8,-7.3,7.3,1,15.8,1.5,3.2,2.3,15.8,30.8,30.8,11.4,103.09,-1.2,120
527,Isaiah Thomas,NOP,32,3,1,2,16.1,106.7,100,6.7,16.7,0.83,12.8,1.9,5.2,3.6,15.4,38.9,41.2,27.4,103.92,3.3,105
527,Malik Fitts,LAC,23,3,3,0,3.6,86.4,113.6,-27.3,0,0,0,0,30,15,0,50,50,12,97.63,2.9,22
527,Meyers Leonard,MIA,29,3,2,1,9.8,103.3,104.8,-1.4,10.5,1,16.7,0,24.1,11.9,16.7,64.3,63.5,15.2,100.45,6.7,60
527,Spencer Dinwiddie,BKN,28,3,2,1,21.4,118.4,88.7,29.8,17.3,1.8,27.3,0,15.1,8.8,15.2,43.8,53.6,15.4,105.2,10.2,141
532,Ashton Hagans,MIN,21,2,0,2,2,60,81.8,-21.8,0,0,0,0,0,0,100,0,0,8.3,123.93,-25,10
532,Henry Ellenson,TOR,24,2,0,2,19.2,98.8,88.2,10.6,20.8,0,23.8,6.1,20.5,12.9,0,42.9,47.6,16.7,105.09,10.6,83
532,Iman Shumpert,BKN,31,2,1,1,5.5,91.3,95.7,-4.3,0,0,0,7.7,0,4.5,20,25,25,18.5,100.52,-1.1,23
532,Marquese Chriss,GSW,23,2,0,2,13.4,79,119.4,-40.3,20,1,10,7.5,38.5,19.7,10,39.3,41.2,25,111.39,11,62
532,Ray Spalding,HOU,24,2,0,2,9.4,90.9,106.8,-15.9,0,0,0,8.3,8.3,8.3,37.5,50,41,15.7,112.74,-2.6,44
537,Anzejs Pasecniks,WAS,25,1,1,0,6.3,57.1,161.5,-104.4,33.3,0.2,14.3,14.3,0,8.3,71.4,0,0,37.5,102.59,-26,14
537,Elijah Bryant,MIL,26,1,0,1,31.6,119.7,105.7,14,13,0.75,14.3,6.5,13.3,9.8,19,50,55.9,23.1,107.19,7.2,71
537,Udonis Haslem,MIA,41,1,1,0,2.7,166.7,100,66.7,0,0,0,0,25,20,0,100,100,28.6,116.78,45.5,6
537,Will Magnay,NOP,23,1,1,0,3.3,37.5,185.7,-148.2,0,0,0,0,0,0,50,0,0,20,110.2,-17.1,8